/*
Navicat MySQL Data Transfer

Source Server         : localhost_3306
Source Server Version : 50547
Source Host           : localhost:3306
Source Database       : wdmcake

Target Server Type    : MYSQL
Target Server Version : 50547
File Encoding         : 65001

Date: 2017-10-24 17:10:18
*/

SET FOREIGN_KEY_CHECKS=0;

-- ----------------------------
-- Table structure for access
-- ----------------------------
DROP TABLE IF EXISTS `access`;
CREATE TABLE `access` (
  `accessId` int(10) NOT NULL AUTO_INCREMENT,
  `roleId` int(10) NOT NULL,
  `tab` varchar(50) COLLATE utf8_unicode_ci NOT NULL,
  `access` text COLLATE utf8_unicode_ci NOT NULL,
  PRIMARY KEY (`accessId`)
) ENGINE=MyISAM AUTO_INCREMENT=14 DEFAULT CHARSET=utf8 COLLATE=utf8_unicode_ci;

-- ----------------------------
-- Records of access
-- ----------------------------
INSERT INTO `access` VALUES ('12', '2', '', 'a:4:{i:0;s:14:\"article_select\";i:1;s:14:\"article_insert\";i:2;s:14:\"article_update\";i:3;s:14:\"article_delete\";}');
INSERT INTO `access` VALUES ('11', '1', '', 'a:2:{i:0;s:14:\"article_select\";i:1;s:14:\"article_insert\";}');
INSERT INTO `access` VALUES ('13', '3', '', 'a:11:{i:0;s:11:\"menu_select\";i:1;s:11:\"menu_update\";i:2;s:11:\"menu_delete\";i:3;s:14:\"article_select\";i:4;s:14:\"article_insert\";i:5;s:14:\"article_update\";i:6;s:14:\"article_delete\";i:7;s:11:\"user_select\";i:8;s:11:\"user_insert\";i:9;s:11:\"user_update\";i:10;s:11:\"user_delete\";}');

-- ----------------------------
-- Table structure for address
-- ----------------------------
DROP TABLE IF EXISTS `address`;
CREATE TABLE `address` (
  `id` int(11) NOT NULL AUTO_INCREMENT,
  `fid` int(11) DEFAULT '0' COMMENT '父分段',
  `address_side` varchar(20) DEFAULT NULL COMMENT '地址分段',
  PRIMARY KEY (`id`) USING BTREE
) ENGINE=MyISAM AUTO_INCREMENT=15 DEFAULT CHARSET=gbk ROW_FORMAT=DYNAMIC;

-- ----------------------------
-- Records of address
-- ----------------------------
INSERT INTO `address` VALUES ('1', '0', '北京');
INSERT INTO `address` VALUES ('2', '1', '北京市');
INSERT INTO `address` VALUES ('3', '2', '东城区');
INSERT INTO `address` VALUES ('4', '3', '五环内');
INSERT INTO `address` VALUES ('5', '2', '西城区');
INSERT INTO `address` VALUES ('6', '5', '五环内');
INSERT INTO `address` VALUES ('7', '2', '海淀区');
INSERT INTO `address` VALUES ('8', '7', '五环内');
INSERT INTO `address` VALUES ('9', '7', '（五环-六环）上地');
INSERT INTO `address` VALUES ('10', '7', '（五环-六环）东北旺乡');
INSERT INTO `address` VALUES ('11', '2', '朝阳区');
INSERT INTO `address` VALUES ('12', '11', '五环内');
INSERT INTO `address` VALUES ('13', '11', '（五环-六环）黑庄户乡大鲁店');
INSERT INTO `address` VALUES ('14', '11', '（五环-六环）东坝乡管庄路');

-- ----------------------------
-- Table structure for article
-- ----------------------------
DROP TABLE IF EXISTS `article`;
CREATE TABLE `article` (
  `id` int(11) NOT NULL AUTO_INCREMENT,
  `art_name` varchar(30) DEFAULT NULL COMMENT '文章标题',
  `art_content` varchar(10000) DEFAULT NULL COMMENT '文章内容',
  PRIMARY KEY (`id`) USING BTREE
) ENGINE=MyISAM AUTO_INCREMENT=32 DEFAULT CHARSET=gbk ROW_FORMAT=DYNAMIC;

-- ----------------------------
-- Records of article
-- ----------------------------
INSERT INTO `article` VALUES ('1', '联系味美多', '&lt;p style=&quot;margin-top: 0px; margin-bottom: 0px; padding: 0px; color: #868686; font-family: 微软雅黑, Verdana, Geneva, sans-serif; font-size: 14px; white-space: normal; background-color: rgb(255, 255, 255); line-height: 1.5em;&quot;&gt;&lt;span style=&quot;background-color: rgb(255, 255, 255);&quot;&gt;北京味多美食品有限责任公司&lt;/span&gt;&lt;/p&gt;&lt;p style=&quot;margin-top: 0px; margin-bottom: 0px; padding: 0px; color: #868686; font-family: 微软雅黑, Verdana, Geneva, sans-serif; font-size: 14px; white-space: normal; background-color: rgb(255, 255, 255); line-height: 1.5em;&quot;&gt;&lt;span style=&quot;background-color: rgb(255, 255, 255);&quot;&gt;地址：北京市海淀区西直门北大街32号枫蓝国际中心B座7层&amp;nbsp;&amp;nbsp;&lt;/span&gt;&lt;/p&gt;&lt;p style=&quot;margin-top: 0px; margin-bottom: 0px; padding: 0px; color: #868686; font-family: 微软雅黑, Verdana, Geneva, sans-serif; font-size: 14px; white-space: normal; background-color: rgb(255, 255, 255); line-height: 1.5em;&quot;&gt;&lt;span style=&quot;background-color: rgb(255, 255, 255);&quot;&gt;邮编：100082&lt;/span&gt;&lt;/p&gt;&lt;p style=&quot;margin-top: 0px; margin-bottom: 0px; padding: 0px; color: #868686; font-family: 微软雅黑, Verdana, Geneva, sans-serif; font-size: 14px; white-space: normal; background-color: rgb(255, 255, 255); line-height: 1.5em;&quot;&gt;&lt;span style=&quot;background-color: rgb(255, 255, 255);&quot;&gt;电话：4001-170-170&lt;/span&gt;&lt;/p&gt;&lt;p&gt;&lt;br/&gt;&lt;/p&gt;');
INSERT INTO `article` VALUES ('3', '企业服务', '&lt;p style=&quot;margin-top: 0px; margin-bottom: 0px; padding: 0px; color: rgb(134, 134, 134); font-family: 微软雅黑, Verdana, Geneva, sans-serif; font-size: 14px; white-space: normal; background-color: rgb(255, 255, 255); text-indent: 2em; text-align: left; line-height: 1.5em;&quot;&gt;&lt;span style=&quot;font-family: 微软雅黑, &quot;&gt;味多美创立于1996年，是国内著名烘焙连锁食品品牌，主要经营中高端蛋糕、面包、咖啡、中西式点心、月饼、粽子等产品。数十年来，我们围绕客户的需求持续创新，与合作伙伴开放合作，在企业员工福利关怀、聚会庆典、商务活动定制、客户关系维护等方面为众多知名企业客户提供了优质的外包服务解决方案。&lt;/span&gt;&lt;/p&gt;&lt;p style=&quot;margin-top: 0px; margin-bottom: 0px; padding: 0px; color: rgb(134, 134, 134); font-family: 微软雅黑, Verdana, Geneva, sans-serif; font-size: 14px; white-space: normal; background-color: rgb(255, 255, 255); text-indent: 2em; text-align: left; line-height: 1.5em;&quot;&gt;&lt;span style=&quot;font-family: 微软雅黑, &quot;&gt;作为中国烘焙行业引领者，长期以来，味多美坚持以优质的服务、健康美味的产品，努力给消费者提供高品质的生活享受。与此同时，我们力争成为广大企业客户的第一选择和最佳合作伙伴，成为深受消费者钟爱。&lt;/span&gt;&lt;/p&gt;&lt;p&gt;&lt;img src=&quot;/wmdCake/home/upload/20171010/1507619190419775.jpg&quot; title=&quot;1507619190419775.jpg&quot; alt=&quot;qyfw.jpg&quot;/&gt;&lt;/p&gt;');
INSERT INTO `article` VALUES ('4', '味美多简介', '&lt;p style=&quot;text-indent: 2em; line-height: 1.5em;&quot;&gt;&lt;span style=&quot;font-size: 14px; font-family: 微软雅黑, &amp;quot;Microsoft YaHei&amp;quot;; color: #858585&quot;&gt;北京味多美食品有限责任公司创立于1996年，是国内著名烘焙连锁食品企业，初期主要经营产品包括蛋糕、面包、咖啡、中西式点心、月饼、粽子等，经过多年来不断的发展与成长，目前产品的种类已扩展至味多美法式面包、饼干、老婆饼、蛋挞、芝士蛋糕、巧克力蛋糕、下午茶蛋糕、生日蛋糕、乳酪蛋糕以及婚礼蛋糕、商务庆典蛋糕。除了丰富多样的实体产品，更提供种类多样的味多美网上订购、团购、味多美福利卡、月饼卡、充值卡、提货卡，为广大消费者提供了多种消费选择。&lt;/span&gt;&lt;/p&gt;&lt;p style=&quot;text-indent: 2em; line-height: 1.5em;&quot;&gt;&lt;span style=&quot;font-size: 14px; font-family: 微软雅黑, &amp;quot;Microsoft YaHei&amp;quot;; color: #858585;&quot;&gt;味多美成立至今，在中国已创办了300余家直营连锁店，2010—2011年相继落户上海、河北保定、包头等地。味多美在北京、上海、包头同时拥有现代化的中央工厂，集“生产”“配送”“销售”为一体，专业的品质管理制度，保证食品安全。&lt;/span&gt;&lt;/p&gt;&lt;p style=&quot;text-indent: 2em; line-height: 1.5em;&quot;&gt;&lt;span style=&quot;font-size: 14px; font-family: 微软雅黑, &amp;quot;Microsoft YaHei&amp;quot;; color: #858585&quot;&gt;味多美品牌定位于中高端消费者，以丰富的、高品质的产品，平民化的价格，亲切友善的服务，便利的连锁店铺，赢得了消费者的青睐。&lt;/span&gt;&lt;/p&gt;&lt;p&gt;&lt;br/&gt;&lt;/p&gt;');
INSERT INTO `article` VALUES ('5', '味美多工业园', '&lt;p style=&quot;line-height: normal; text-indent: 2em;&quot;&gt;&lt;span style=&quot;font-size: 14px; font-family: 微软雅黑, &amp;quot;Microsoft YaHei&amp;quot;; color: #858585;&quot;&gt;味多美中央工厂，坐落于北京市四大支柱产业之一，中关村科技园区大兴生物医药产业基地内。是占地40亩，按国际标准建造的大型食品工业园。&lt;/span&gt;&lt;/p&gt;&lt;p&gt;&lt;span style=&quot;color: rgb(134, 134, 134); font-family: 微软雅黑, Verdana, Geneva, sans-serif; font-size: 14px; background-color: rgb(255, 255, 255);&quot;&gt;&lt;img src=&quot;/wmdCake/home/upload/20171010/1507620092212878.jpg&quot; title=&quot;1507620092212878.jpg&quot; alt=&quot;001.jpg&quot;/&gt;&lt;/span&gt;&lt;/p&gt;');
INSERT INTO `article` VALUES ('6', '味美多文化', '&lt;p style=&quot;margin-top: 0px; margin-bottom: 0px; padding: 0px; color: rgb(134, 134, 134); font-family: 微软雅黑, Verdana, Geneva, sans-serif; font-size: 14px; white-space: normal; background-color: rgb(255, 255, 255);&quot;&gt;&lt;span style=&quot;margin: 0px; padding: 0px; font-size: smaller;&quot;&gt;s&amp;nbsp;定位：北京更受欢迎的面包坊&lt;/span&gt;&lt;/p&gt;&lt;p style=&quot;margin-top: 0px; margin-bottom: 0px; padding: 0px; color: rgb(134, 134, 134); font-family: 微软雅黑, Verdana, Geneva, sans-serif; font-size: 14px; white-space: normal; background-color: rgb(255, 255, 255);&quot;&gt;&lt;span style=&quot;margin: 0px; padding: 0px; font-size: smaller;&quot;&gt;s&amp;nbsp;品类：法式面包坊&lt;/span&gt;&lt;/p&gt;&lt;p style=&quot;margin-top: 0px; margin-bottom: 0px; padding: 0px; color: rgb(134, 134, 134); font-family: 微软雅黑, Verdana, Geneva, sans-serif; font-size: 14px; white-space: normal; background-color: rgb(255, 255, 255);&quot;&gt;&lt;span style=&quot;margin: 0px; padding: 0px; font-size: smaller;&quot;&gt;s&amp;nbsp;使命：让中国人吃到优质健康的面包&lt;/span&gt;&lt;/p&gt;&lt;p style=&quot;margin-top: 0px; margin-bottom: 0px; padding: 0px; color: rgb(134, 134, 134); font-family: 微软雅黑, Verdana, Geneva, sans-serif; font-size: 14px; white-space: normal; background-color: rgb(255, 255, 255);&quot;&gt;&lt;span style=&quot;margin: 0px; padding: 0px; font-size: smaller;&quot;&gt;s&amp;nbsp;愿景：做中国最受欢迎的面包坊&lt;/span&gt;&lt;/p&gt;&lt;p style=&quot;margin-top: 0px; margin-bottom: 0px; padding: 0px; color: rgb(134, 134, 134); font-family: 微软雅黑, Verdana, Geneva, sans-serif; font-size: 14px; white-space: normal; background-color: rgb(255, 255, 255);&quot;&gt;&lt;span style=&quot;margin: 0px; padding: 0px; font-size: smaller;&quot;&gt;s&amp;nbsp;企业计划：&lt;/span&gt;&lt;/p&gt;&lt;p style=&quot;margin-top: 0px; margin-bottom: 0px; padding: 0px; color: rgb(134, 134, 134); font-family: 微软雅黑, Verdana, Geneva, sans-serif; font-size: 14px; white-space: normal; background-color: rgb(255, 255, 255);&quot;&gt;&lt;span style=&quot;margin: 0px; padding: 0px; font-size: smaller;&quot;&gt;2020年连锁店达到1000家；&lt;/span&gt;&lt;/p&gt;&lt;p style=&quot;margin-top: 0px; margin-bottom: 0px; padding: 0px; color: rgb(134, 134, 134); font-family: 微软雅黑, Verdana, Geneva, sans-serif; font-size: 14px; white-space: normal; background-color: rgb(255, 255, 255);&quot;&gt;&lt;span style=&quot;margin: 0px; padding: 0px; font-size: smaller;&quot;&gt;2040年连锁店达到10000家。&lt;/span&gt;&lt;/p&gt;&lt;p style=&quot;margin-top: 0px; margin-bottom: 0px; padding: 0px; color: rgb(134, 134, 134); font-family: 微软雅黑, Verdana, Geneva, sans-serif; font-size: 14px; white-space: normal; background-color: rgb(255, 255, 255);&quot;&gt;&lt;span style=&quot;margin: 0px; padding: 0px; font-size: smaller;&quot;&gt;&lt;/span&gt;&lt;/p&gt;&lt;p style=&quot;margin-top: 0px; margin-bottom: 0px; padding: 0px; color: rgb(134, 134, 134); font-family: 微软雅黑, Verdana, Geneva, sans-serif; font-size: 14px; white-space: normal; background-color: rgb(255, 255, 255);&quot;&gt;&lt;span style=&quot;margin: 0px; padding: 0px; font-size: smaller;&quot;&gt;&lt;span style=&quot;margin: 0px; padding: 0px; color: rgb(255, 0, 0);&quot;&gt;s&amp;nbsp;企业精神： 工匠精神&lt;/span&gt;&lt;/span&gt;&lt;/p&gt;&lt;p style=&quot;margin-top: 0px; margin-bottom: 0px; padding: 0px; color: rgb(134, 134, 134); font-family: 微软雅黑, Verdana, Geneva, sans-serif; font-size: 14px; white-space: normal; background-color: rgb(255, 255, 255);&quot;&gt;&lt;span style=&quot;margin: 0px; padding: 0px; font-size: smaller;&quot;&gt;s&amp;nbsp;价值观：认真、诚信、专注、追求完美和极致&lt;/span&gt;&lt;/p&gt;&lt;p style=&quot;margin-top: 0px; margin-bottom: 0px; padding: 0px; color: rgb(134, 134, 134); font-family: 微软雅黑, Verdana, Geneva, sans-serif; font-size: 14px; white-space: normal; background-color: rgb(255, 255, 255);&quot;&gt;&lt;span style=&quot;margin: 0px; padding: 0px; font-size: smaller;&quot;&gt;s&amp;nbsp;企业目标：让每一个奋斗者在味多美实现自己的理想&lt;/span&gt;&lt;/p&gt;&lt;p style=&quot;margin-top: 0px; margin-bottom: 0px; padding: 0px; color: rgb(134, 134, 134); font-family: 微软雅黑, Verdana, Geneva, sans-serif; font-size: 14px; white-space: normal; background-color: rgb(255, 255, 255);&quot;&gt;&lt;span style=&quot;margin: 0px; padding: 0px; font-size: smaller;&quot;&gt;s&amp;nbsp;员工目标：做个奋斗者，成为合伙人。&lt;/span&gt;&lt;/p&gt;&lt;p style=&quot;margin-top: 0px; margin-bottom: 0px; padding: 0px; color: rgb(134, 134, 134); font-family: 微软雅黑, Verdana, Geneva, sans-serif; font-size: 14px; white-space: normal; background-color: rgb(255, 255, 255);&quot;&gt;&lt;span style=&quot;margin: 0px; padding: 0px; font-size: smaller;&quot;&gt;s&amp;nbsp;奋斗口号：买车买房，接来爹娘。&lt;/span&gt;&lt;/p&gt;&lt;p style=&quot;margin-top: 0px; margin-bottom: 0px; padding: 0px; color: rgb(134, 134, 134); font-family: 微软雅黑, Verdana, Geneva, sans-serif; font-size: 14px; white-space: normal; background-color: rgb(255, 255, 255);&quot;&gt;&lt;span style=&quot;margin: 0px; padding: 0px; font-size: smaller;&quot;&gt;s&amp;nbsp;最重要的部门：门店&lt;/span&gt;&lt;/p&gt;&lt;p style=&quot;margin-top: 0px; margin-bottom: 0px; padding: 0px; color: rgb(134, 134, 134); font-family: 微软雅黑, Verdana, Geneva, sans-serif; font-size: 14px; white-space: normal; background-color: rgb(255, 255, 255);&quot;&gt;&lt;span style=&quot;margin: 0px; padding: 0px; font-size: smaller;&quot;&gt;s&amp;nbsp;经营中心：&lt;span style=&quot;margin: 0px; padding: 0px; color: rgb(255, 0, 0);&quot;&gt;提升顾客满意度。&lt;/span&gt;&lt;/span&gt;&lt;/p&gt;&lt;p style=&quot;margin-top: 0px; margin-bottom: 0px; padding: 0px; color: rgb(134, 134, 134); font-family: 微软雅黑, Verdana, Geneva, sans-serif; font-size: 14px; white-space: normal; background-color: rgb(255, 255, 255);&quot;&gt;&lt;span style=&quot;margin: 0px; padding: 0px; font-size: smaller;&quot;&gt;&lt;span style=&quot;margin: 0px; padding: 0px; color: rgb(255, 0, 0);&quot;&gt;s&amp;nbsp;管理文化：赛场文化。&lt;/span&gt;&lt;/span&gt;&lt;/p&gt;&lt;p style=&quot;margin-top: 0px; margin-bottom: 0px; padding: 0px; color: rgb(134, 134, 134); font-family: 微软雅黑, Verdana, Geneva, sans-serif; font-size: 14px; white-space: normal; background-color: rgb(255, 255, 255);&quot;&gt;&lt;span style=&quot;margin: 0px; padding: 0px; font-size: smaller;&quot;&gt;s&amp;nbsp;管理方法：目标管理、过程管理。&lt;/span&gt;&lt;/p&gt;&lt;p style=&quot;margin-top: 0px; margin-bottom: 0px; padding: 0px; color: rgb(134, 134, 134); font-family: 微软雅黑, Verdana, Geneva, sans-serif; font-size: 14px; white-space: normal; background-color: rgb(255, 255, 255);&quot;&gt;&lt;span style=&quot;margin: 0px; padding: 0px; font-size: smaller;&quot;&gt;s&amp;nbsp;管理工具：人定岗、物定位、做流程、做标准、做记录、做培训、做考核、持续改善&lt;/span&gt;&lt;/p&gt;&lt;p style=&quot;margin-top: 0px; margin-bottom: 0px; padding: 0px; color: rgb(134, 134, 134); font-family: 微软雅黑, Verdana, Geneva, sans-serif; font-size: 14px; white-space: normal; background-color: rgb(255, 255, 255);&quot;&gt;&lt;span style=&quot;margin: 0px; padding: 0px; font-size: smaller;&quot;&gt;&lt;br/&gt;&lt;/span&gt;&lt;br/&gt;&lt;/p&gt;&lt;p&gt;&lt;br/&gt;&lt;/p&gt;');
INSERT INTO `article` VALUES ('7', '关于原料', '&lt;p style=&quot;text-align: center;&quot;&gt;&lt;span style=&quot;color: rgb(134, 134, 134); font-family: 微软雅黑, Verdana, Geneva, sans-serif; font-size: 14px; text-align: center; background-color: rgb(255, 255, 255);&quot;&gt;&amp;nbsp; &amp;nbsp; &amp;nbsp; &amp;nbsp;味多美坚持选用天然乳脂奶油、新鲜鸡蛋、高品质阳光小麦等多种健康食材，正是由于这些健康食材的选用，成就了味多美每一款产品的完美品质。&lt;/span&gt;&lt;/p&gt;&lt;p style=&quot;text-align: center;&quot;&gt;&lt;img src=&quot;/wmdCake/home/upload/20171010/1507620367884905.jpg&quot; title=&quot;1507620367884905.jpg&quot; alt=&quot;002(2)(1).jpg&quot;/&gt;&lt;/p&gt;');
INSERT INTO `article` VALUES ('8', '味美多未来', '&lt;p style=&quot;text-indent: 2em;&quot;&gt;&lt;span style=&quot;margin: 0px; padding: 0px; color: rgb(134, 134, 134); font-family: 微软雅黑, Verdana, Geneva, sans-serif; font-size: 14px; background-color: rgb(255, 255, 255);&quot;&gt;现今北京味多美食品有限责任公司正以每年&lt;/span&gt;&lt;span style=&quot;margin: 0px; padding: 0px; color: rgb(134, 134, 134); font-family: 微软雅黑, Verdana, Geneva, sans-serif; font-size: 14px; background-color: rgb(255, 255, 255);&quot;&gt;2&lt;/span&gt;&lt;span style=&quot;margin: 0px; padding: 0px; color: rgb(134, 134, 134); font-family: 微软雅黑, Verdana, Geneva, sans-serif; font-size: 14px; background-color: rgb(255, 255, 255);&quot;&gt;0-30%&lt;/span&gt;&lt;span style=&quot;margin: 0px; padding: 0px; color: rgb(134, 134, 134); font-family: 微软雅黑, Verdana, Geneva, sans-serif; font-size: 14px; background-color: rgb(255, 255, 255);&quot;&gt;的速度向全国快速扩张，到&lt;/span&gt;&lt;span style=&quot;margin: 0px; padding: 0px; color: rgb(134, 134, 134); font-family: 微软雅黑, Verdana, Geneva, sans-serif; font-size: 14px; background-color: rgb(255, 255, 255);&quot;&gt;2018&lt;/span&gt;&lt;span style=&quot;margin: 0px; padding: 0px; color: rgb(134, 134, 134); font-family: 微软雅黑, Verdana, Geneva, sans-serif; font-size: 14px; background-color: rgb(255, 255, 255);&quot;&gt;年连锁店数量将达到9&lt;/span&gt;&lt;span style=&quot;margin: 0px; padding: 0px; color: rgb(134, 134, 134); font-family: 微软雅黑, Verdana, Geneva, sans-serif; font-size: 14px; background-color: rgb(255, 255, 255);&quot;&gt;00&lt;/span&gt;&lt;span style=&quot;margin: 0px; padding: 0px; color: rgb(134, 134, 134); font-family: 微软雅黑, Verdana, Geneva, sans-serif; font-size: 14px; background-color: rgb(255, 255, 255);&quot;&gt;家。届时味多美将立足于全国市场，以创新的观念，结合各地的饮食特点，将让全国各地更多的消费者品味到味多美的烘焙美食与创意激情。&lt;/span&gt;&lt;span style=&quot;margin: 0px; padding: 0px; color: rgb(134, 134, 134); font-family: 微软雅黑, Verdana, Geneva, sans-serif; font-size: 14px; background-color: rgb(255, 255, 255);&quot;&gt;每一个美味旋律从世界各地采撷来的多种健康原料，&lt;/span&gt;&lt;span style=&quot;margin: 0px; padding: 0px; color: rgb(134, 134, 134); font-family: 微软雅黑, Verdana, Geneva, sans-serif; font-size: 14px; background-color: rgb(255, 255, 255);&quot;&gt;用创意的心和精湛的技术，&lt;/span&gt;&lt;span style=&quot;margin: 0px; padding: 0px; color: rgb(134, 134, 134); font-family: 微软雅黑, Verdana, Geneva, sans-serif; font-size: 14px; background-color: rgb(255, 255, 255);&quot;&gt;将世界各地的美好&lt;/span&gt;&lt;span style=&quot;color: rgb(134, 134, 134); font-family: 微软雅黑, Verdana, Geneva, sans-serif; font-size: 14px; background-color: rgb(255, 255, 255);&quot;&gt;&amp;nbsp;&lt;/span&gt;&lt;span style=&quot;margin: 0px; padding: 0px; color: rgb(134, 134, 134); font-family: 微软雅黑, Verdana, Geneva, sans-serif; font-size: 14px; background-color: rgb(255, 255, 255);&quot;&gt;汇聚在你的舌尖。&lt;/span&gt;&lt;span style=&quot;margin: 0px; padding: 0px; color: rgb(134, 134, 134); font-family: 微软雅黑, Verdana, Geneva, sans-serif; font-size: 14px; background-color: rgb(255, 255, 255);&quot;&gt;味多美，&lt;/span&gt;&lt;span style=&quot;margin: 0px; padding: 0px; color: rgb(134, 134, 134); font-family: 微软雅黑, Verdana, Geneva, sans-serif; font-size: 14px; background-color: rgb(255, 255, 255);&quot;&gt;发现纯粹美味！&lt;/span&gt;&lt;/p&gt;');
INSERT INTO `article` VALUES ('16', '购物帮助', '&lt;p&gt;&lt;span style=&quot;color: rgb(134, 134, 134); font-family: 微软雅黑, Verdana, Geneva, sans-serif; font-size: 14px; background-color: rgb(255, 255, 255);&quot;&gt;为保证您能及时收到订单商品，天然奶油蛋糕30cm（含）以下规格需要您至少提前4小时预订，30cm以上规格及大型庆典蛋糕，需要您提前两天16：00前预订，慕斯蛋糕、乳酪蛋糕、巧克力风味蛋糕及糖醇坯蛋糕，需要您提前一天16:00前预订，特殊款蛋糕预订时间以商品页面提示为准。您可以通过以下方式订购：&lt;/span&gt;&lt;br/&gt;&lt;span style=&quot;color: rgb(134, 134, 134); font-family: 微软雅黑, Verdana, Geneva, sans-serif; font-size: 14px; background-color: rgb(255, 255, 255);&quot;&gt;1、网上订购：通过味多美官网&lt;/span&gt;&lt;a href=&quot;http://www.wdmcake.com/&quot; style=&quot;margin: 0px; padding: 0px; color: rgb(117, 117, 117); text-decoration-line: none; font-family: 微软雅黑, Verdana, Geneva, sans-serif; font-size: 14px; white-space: normal; background-color: rgb(255, 255, 255);&quot;&gt;http://www.wdmcake.com&lt;/a&gt;&lt;span style=&quot;color: rgb(134, 134, 134); font-family: 微软雅黑, Verdana, Geneva, sans-serif; font-size: 14px; background-color: rgb(255, 255, 255);&quot;&gt;或微信端，可24小时自助在线订购、在线支付。&lt;/span&gt;&lt;br/&gt;&lt;span style=&quot;color: rgb(134, 134, 134); font-family: 微软雅黑, Verdana, Geneva, sans-serif; font-size: 14px; background-color: rgb(255, 255, 255);&quot;&gt;2、电话订购：拨打订购热线4001-170-170，电话订购中心将协助您完成订购。&lt;/span&gt;&lt;br/&gt;&lt;span style=&quot;color: rgb(134, 134, 134); font-family: 微软雅黑, Verdana, Geneva, sans-serif; font-size: 14px; background-color: rgb(255, 255, 255);&quot;&gt;3、微博订购：关注味多美新浪微博，@味多美 私信订购。&lt;/span&gt;&lt;br/&gt;&lt;span style=&quot;color: rgb(134, 134, 134); font-family: 微软雅黑, Verdana, Geneva, sans-serif; font-size: 14px; background-color: rgb(255, 255, 255);&quot;&gt;4、微信订购：关注味多美微信服务号，通过微信里的订购蛋糕菜单在线订购、在线支付。&lt;/span&gt;&lt;br/&gt;&lt;br/&gt;&lt;strong style=&quot;margin: 0px; padding: 0px; color: rgb(51, 51, 51); font-family: 微软雅黑, Verdana, Geneva, sans-serif; font-size: 14px; white-space: normal; background-color: rgb(255, 255, 255);&quot;&gt;网上订购&lt;br/&gt;&lt;/strong&gt;&lt;span style=&quot;color: rgb(134, 134, 134); font-family: 微软雅黑, Verdana, Geneva, sans-serif; font-size: 14px; background-color: rgb(255, 255, 255);&quot;&gt;第一步：登录/注册&lt;/span&gt;&lt;br/&gt;&lt;span style=&quot;color: rgb(134, 134, 134); font-family: 微软雅黑, Verdana, Geneva, sans-serif; font-size: 14px; background-color: rgb(255, 255, 255);&quot;&gt;如果您尚未注册，请点击“注册”按钮并选择通过电子邮箱或手机号码注册，填写注册基本信息完成注册，然后登录。&lt;/span&gt;&lt;br/&gt;&lt;span style=&quot;color: rgb(134, 134, 134); font-family: 微软雅黑, Verdana, Geneva, sans-serif; font-size: 14px; background-color: rgb(255, 255, 255);&quot;&gt;第二步：挑选商品&lt;/span&gt;&lt;br/&gt;&lt;span style=&quot;color: rgb(134, 134, 134); font-family: 微软雅黑, Verdana, Geneva, sans-serif; font-size: 14px; background-color: rgb(255, 255, 255);&quot;&gt;通过产品目录页面，选择您喜欢的商品，确认商品规格及购买数量后，点击“立即购买”按钮，将商品放入购物车。如需购买其它商品，请点击“继续购物”。商品挑选完成之后，请您在“我的购物车”页面点击“下单结算”按钮，进入结算步骤。&lt;/span&gt;&lt;br/&gt;&lt;span style=&quot;color: rgb(134, 134, 134); font-family: 微软雅黑, Verdana, Geneva, sans-serif; font-size: 14px; background-color: rgb(255, 255, 255);&quot;&gt;第三步：下单结算&lt;/span&gt;&lt;br/&gt;&lt;span style=&quot;color: rgb(134, 134, 134); font-family: 微软雅黑, Verdana, Geneva, sans-serif; font-size: 14px; background-color: rgb(255, 255, 255);&quot;&gt;如果您第一次在味多美商城订购蛋糕，请按照提示步骤，填写收货信息。如果您在味多美商城下过订单，系统会自动调取您上一次收货信息。确认收货信息后，请您依次选择并确认配送方式、送货时间、支付方式、发票信息及特殊要求等，确认应付款金额无误后，点击“提交订单”按钮。&lt;/span&gt;&lt;br/&gt;&lt;span style=&quot;color: rgb(134, 134, 134); font-family: 微软雅黑, Verdana, Geneva, sans-serif; font-size: 14px; background-color: rgb(255, 255, 255);&quot;&gt;第四步：订单提交&lt;/span&gt;&lt;br/&gt;&lt;span style=&quot;color: rgb(134, 134, 134); font-family: 微软雅黑, Verdana, Geneva, sans-serif; font-size: 14px; background-color: rgb(255, 255, 255);&quot;&gt;订单提交完成后，系统会生成一个订单号，您可以记录订单号以备查询。&lt;/span&gt;&lt;br/&gt;&lt;span style=&quot;color: rgb(134, 134, 134); font-family: 微软雅黑, Verdana, Geneva, sans-serif; font-size: 14px; background-color: rgb(255, 255, 255);&quot;&gt;第五步：订单支付&lt;/span&gt;&lt;br/&gt;&lt;span style=&quot;color: rgb(134, 134, 134); font-family: 微软雅黑, Verdana, Geneva, sans-serif; font-size: 14px; background-color: rgb(255, 255, 255);&quot;&gt;如果您的支付方式选择了“支付宝支付”，您提交完成订单之后，请点击“立即使用支付宝支付”按钮进行订单支付，支付完成后，我们的配送人员将会按时将您订购的商品送达到您指定的地点。您也可以随时进入您的会员中心，查看您的订单。&lt;/span&gt;&lt;br/&gt;&lt;br/&gt;&lt;strong style=&quot;margin: 0px; padding: 0px; color: rgb(51, 51, 51); font-family: 微软雅黑, Verdana, Geneva, sans-serif; font-size: 14px; white-space: normal; background-color: rgb(255, 255, 255);&quot;&gt;电话订购&lt;br/&gt;&lt;/strong&gt;&lt;span style=&quot;color: rgb(134, 134, 134); font-family: 微软雅黑, Verdana, Geneva, sans-serif; font-size: 14px; background-color: rgb(255, 255, 255);&quot;&gt;味多美订购中心工作时间为08:00-21:00，您可以通过电话、在线客服获得我们真挚专业的服务。在您选择好需要订购的蛋糕及配件，确认好规格及购买数量后，拨打我们的客服电话，将您想购买的蛋糕准确名称、规格、数量、详细配送地址、配送时间、收货人及要求等信息告诉我们的客服人员，客服人员会配合您完成商品订购。&lt;/span&gt;&lt;br/&gt;&lt;span style=&quot;color: rgb(134, 134, 134); font-family: 微软雅黑, Verdana, Geneva, sans-serif; font-size: 14px; background-color: rgb(255, 255, 255);&quot;&gt;订购热线：4001-170-170&lt;/span&gt;&lt;br/&gt;&lt;br/&gt;&lt;strong style=&quot;margin: 0px; padding: 0px; color: rgb(51, 51, 51); font-family: 微软雅黑, Verdana, Geneva, sans-serif; font-size: 14px; white-space: normal; background-color: rgb(255, 255, 255);&quot;&gt;微博订购&lt;br/&gt;&lt;/strong&gt;&lt;span style=&quot;color: rgb(134, 134, 134); font-family: 微软雅黑, Verdana, Geneva, sans-serif; font-size: 14px; background-color: rgb(255, 255, 255);&quot;&gt;当您选择好需要订购的蛋糕及配件，请确认好规格及购买数量后，登录新浪微博，@味多美 私信详细告知您的需求，如下：&lt;/span&gt;&lt;br/&gt;&lt;span style=&quot;color: rgb(134, 134, 134); font-family: 微软雅黑, Verdana, Geneva, sans-serif; font-size: 14px; background-color: rgb(255, 255, 255);&quot;&gt;蛋糕名称：&lt;/span&gt;&lt;br/&gt;&lt;span style=&quot;color: rgb(134, 134, 134); font-family: 微软雅黑, Verdana, Geneva, sans-serif; font-size: 14px; background-color: rgb(255, 255, 255);&quot;&gt;规格：&lt;/span&gt;&lt;br/&gt;&lt;span style=&quot;color: rgb(134, 134, 134); font-family: 微软雅黑, Verdana, Geneva, sans-serif; font-size: 14px; background-color: rgb(255, 255, 255);&quot;&gt;数量：&lt;/span&gt;&lt;br/&gt;&lt;span style=&quot;color: rgb(134, 134, 134); font-family: 微软雅黑, Verdana, Geneva, sans-serif; font-size: 14px; background-color: rgb(255, 255, 255);&quot;&gt;配送时间：&lt;/span&gt;&lt;br/&gt;&lt;span style=&quot;color: rgb(134, 134, 134); font-family: 微软雅黑, Verdana, Geneva, sans-serif; font-size: 14px; background-color: rgb(255, 255, 255);&quot;&gt;订货人姓名：&lt;/span&gt;&lt;br/&gt;&lt;span style=&quot;color: rgb(134, 134, 134); font-family: 微软雅黑, Verdana, Geneva, sans-serif; font-size: 14px; background-color: rgb(255, 255, 255);&quot;&gt;订货人电话：&lt;/span&gt;&lt;br/&gt;&lt;span style=&quot;color: rgb(134, 134, 134); font-family: 微软雅黑, Verdana, Geneva, sans-serif; font-size: 14px; background-color: rgb(255, 255, 255);&quot;&gt;收货人姓名：&lt;/span&gt;&lt;br/&gt;&lt;span style=&quot;color: rgb(134, 134, 134); font-family: 微软雅黑, Verdana, Geneva, sans-serif; font-size: 14px; background-color: rgb(255, 255, 255);&quot;&gt;收货人电话：&lt;/span&gt;&lt;br/&gt;&lt;span style=&quot;color: rgb(134, 134, 134); font-family: 微软雅黑, Verdana, Geneva, sans-serif; font-size: 14px; background-color: rgb(255, 255, 255);&quot;&gt;收货人地址：&lt;/span&gt;&lt;br/&gt;&lt;span style=&quot;color: rgb(134, 134, 134); font-family: 微软雅黑, Verdana, Geneva, sans-serif; font-size: 14px; background-color: rgb(255, 255, 255);&quot;&gt;微博客服将及时与您互动，并由客服中心统一与您确认订单信息，帮助您完成订购。&lt;/span&gt;&lt;br/&gt;&lt;br/&gt;&lt;strong style=&quot;margin: 0px; padding: 0px; color: rgb(51, 51, 51); font-family: 微软雅黑, Verdana, Geneva, sans-serif; font-size: 14px; white-space: normal; background-color: rgb(255, 255, 255);&quot;&gt;微信订购&lt;br/&gt;&lt;/strong&gt;&lt;span style=&quot;color: rgb(134, 134, 134); font-family: 微软雅黑, Verdana, Geneva, sans-serif; font-size: 14px; background-color: rgb(255, 255, 255);&quot;&gt;关注味多美微信服务号，点击“订购蛋糕”菜单进入味多美手机版网站，登录-挑选商品-下单结算-订单提交-订单支付即可完成微信下单。&lt;/span&gt;&lt;br/&gt;&lt;br/&gt;&lt;span style=&quot;color: rgb(134, 134, 134); font-family: 微软雅黑, Verdana, Geneva, sans-serif; font-size: 14px; background-color: rgb(255, 255, 255);&quot;&gt;欢迎订购味多美蛋糕，我们将竭诚为您服务！&lt;/span&gt;&lt;/p&gt;');
INSERT INTO `article` VALUES ('17', '支付方式', '&lt;p style=&quot;margin-top: 0px; margin-bottom: 0px; padding: 0px; color: rgb(134, 134, 134); font-family: 微软雅黑, Verdana, Geneva, sans-serif; font-size: 14px; white-space: normal; background-color: rgb(255, 255, 255);&quot;&gt;目前味多美支持在线支付宝、网银及微信支付，货到现金付款、门店现金/银联/味多美充值卡等付款方式。&lt;/p&gt;&lt;p style=&quot;margin-top: 0px; margin-bottom: 0px; padding: 0px; color: rgb(134, 134, 134); font-family: 微软雅黑, Verdana, Geneva, sans-serif; font-size: 14px; white-space: normal; background-color: rgb(255, 255, 255);&quot;&gt;1、支付宝支付：选择支付宝支付并完成订单后，请进入支付宝支付界面进行付款（支持支付宝、余额宝和网银支付）。不进行此步骤操作或支付失败的订单将无法确认、配送。&lt;/p&gt;&lt;p style=&quot;margin-top: 0px; margin-bottom: 0px; padding: 0px; color: rgb(134, 134, 134); font-family: 微软雅黑, Verdana, Geneva, sans-serif; font-size: 14px; white-space: normal; background-color: rgb(255, 255, 255);&quot;&gt;2、网银支付：选择网银支付并完成订单后，请进入所选银行页面进行支付（支持中国银行、中国建设银行、中国农业银行等）。&lt;/p&gt;&lt;p style=&quot;margin-top: 0px; margin-bottom: 0px; padding: 0px; color: rgb(134, 134, 134); font-family: 微软雅黑, Verdana, Geneva, sans-serif; font-size: 14px; white-space: normal; background-color: rgb(255, 255, 255);&quot;&gt;3、货到现金付款：如您的收货地址属于可送货上门区域，您的货款将在产品送达后由配送员直接收取。&lt;/p&gt;&lt;p style=&quot;margin-top: 0px; margin-bottom: 0px; padding: 0px; color: rgb(134, 134, 134); font-family: 微软雅黑, Verdana, Geneva, sans-serif; font-size: 14px; white-space: normal; background-color: rgb(255, 255, 255);&quot;&gt;4、门店付款：选择到门店付款的订单，可到指定的自提门店选择现金/银联/味多美充值卡付款等支付方式。&lt;/p&gt;&lt;p style=&quot;margin-top: 0px; margin-bottom: 0px; padding: 0px; color: rgb(134, 134, 134); font-family: 微软雅黑, Verdana, Geneva, sans-serif; font-size: 14px; white-space: normal; background-color: rgb(255, 255, 255);&quot;&gt;下单时，请您准确选择支付方式，完成此操作时，您的订单将不能修改。&lt;/p&gt;&lt;p&gt;&lt;br/&gt;&lt;/p&gt;');
INSERT INTO `article` VALUES ('18', '配送方式', '&lt;p&gt;&lt;span style=&quot;color: rgb(134, 134, 134); font-family: 微软雅黑, Verdana, Geneva, sans-serif; font-size: 14px; background-color: rgb(255, 255, 255);&quot;&gt;味多美蛋糕系列产品目前仅支持北京地区订购，味多美自建专业冷链配送团队，由专职配送服务人员全程冷链配送上门，以确保蛋糕新鲜美味，保证最佳食用口感。&lt;/span&gt;&lt;br/&gt;&lt;span style=&quot;color: rgb(134, 134, 134); font-family: 微软雅黑, Verdana, Geneva, sans-serif; font-size: 14px; background-color: rgb(255, 255, 255);&quot;&gt;1、配送范围及费用：北京市五环内，订购蛋糕满188元/西点满268元免费配送，订单商品金额低于蛋糕188元/西点268元，需收取10元/单配送费；北京市五环外六环内，以五环为起点收取6元/公里配送费，具体以下单后客服确认的实际费用为准；通州区、亦庄开发区、大兴区政府、石景山区、昌平区政府、天通苑地区、朝阳区北苑、上地地区、清河地区、回龙观地区离店4公里范围内免费配送，离店4公里以上，从五环起收取6元/公里配送费；远郊区、县（房山、延庆、怀柔、密云、平谷及六环外）暂不支持配送；春节期间初一至初六暂停配送服务。&lt;/span&gt;&lt;br/&gt;&lt;span style=&quot;color: rgb(134, 134, 134); font-family: 微软雅黑, Verdana, Geneva, sans-serif; font-size: 14px; background-color: rgb(255, 255, 255);&quot;&gt;2、使用味多美充值卡及其他福利卡，订购蛋糕满188元且直径40cm以下/西点满268元且2000元以下，北京市五环内收取20元配送费；大型蛋糕（直径40cm以上或多层）/西点满2000元，五环内收取30元配送费。五环外六环内以五环为起点另加收6元/公里配送费。&lt;/span&gt;&lt;br/&gt;&lt;span style=&quot;color: rgb(134, 134, 134); font-family: 微软雅黑, Verdana, Geneva, sans-serif; font-size: 14px; background-color: rgb(255, 255, 255);&quot;&gt;3、 配送时间：免费配送区域10:00-20:00，五环-六环收费配送区域11:00-19:00，如有疑问请联系客服中心。&lt;/span&gt;&lt;br/&gt;&lt;span style=&quot;color: rgb(134, 134, 134); font-family: 微软雅黑, Verdana, Geneva, sans-serif; font-size: 14px; background-color: rgb(255, 255, 255);&quot;&gt;温馨提示：&lt;/span&gt;&lt;br/&gt;&lt;span style=&quot;color: rgb(134, 134, 134); font-family: 微软雅黑, Verdana, Geneva, sans-serif; font-size: 14px; background-color: rgb(255, 255, 255);&quot;&gt;1、当您收到商品时，请根据配送单仔细检查，验收无误后再进行签收并对我们的配送服务进行评价。如果发现商品缺失、脏污、破损、配送错误等问题，请当场验收时指出，务必当时与客服人员联系确认，验收后我们将不予受理此类问题。&lt;/span&gt;&lt;br/&gt;&lt;span style=&quot;color: rgb(134, 134, 134); font-family: 微软雅黑, Verdana, Geneva, sans-serif; font-size: 14px; background-color: rgb(255, 255, 255);&quot;&gt;2、 如订购商品出现库存不足，客服人员会及时与您联系，征询您的意见，等待调货或取消订单，若您已支付货款，取消订单后，我们会将货款及时为您退回。&lt;/span&gt;&lt;br/&gt;&lt;span style=&quot;color: rgb(134, 134, 134); font-family: 微软雅黑, Verdana, Geneva, sans-serif; font-size: 14px; background-color: rgb(255, 255, 255);&quot;&gt;3、 如有特殊收货时间要求，请在订单留言处详细注明。&lt;/span&gt;&lt;/p&gt;');
INSERT INTO `article` VALUES ('19', '门店查询', '&lt;p&gt;哈哈没做！&lt;/p&gt;');
INSERT INTO `article` VALUES ('20', '购卡须知', '&lt;p style=&quot;margin: 20px; padding: 0px; font-size: 14px; color: rgb(117, 117, 117); font-family: 微软雅黑, Verdana, Geneva, sans-serif; white-space: normal; background-color: rgb(255, 255, 255);&quot;&gt;&lt;strong style=&quot;margin: 0px; padding: 0px;&quot;&gt;【提货卡性质】&lt;/strong&gt;&lt;br/&gt;“味多美提货卡” 是面向单位、个人发行的先付款后使用的预付卡、不记名卡，卡内金额不得提取现金或转帐支付，卡内余额不计付利息，不透支，使用介质为磁条卡，一次性充值，不可挂失、可赎回，有效期三年（到期卡内有余额可延期），卡内充值金额最高为 1000 元人民币。&lt;/p&gt;&lt;p style=&quot;margin: 20px; padding: 0px; font-size: 14px; color: rgb(117, 117, 117); font-family: 微软雅黑, Verdana, Geneva, sans-serif; white-space: normal; background-color: rgb(255, 255, 255);&quot;&gt;&lt;strong style=&quot;margin: 0px; padding: 0px;&quot;&gt;【购卡付款要求】&lt;/strong&gt;&lt;br/&gt;单位一次性购卡金额达五千元（含）以上或个人一次性购卡金额达五万元（含）以上的，不可现金付款，只能通过银行转账（银联刷卡、支票、汇款、转账）付款。单笔总额在20000元及以上，钱款未到账，卡为冻结状态；单笔总额在20000元以下，一周内未付款，卡冻结；款付清后方可使用。&lt;/p&gt;&lt;p style=&quot;margin: 20px; padding: 0px; font-size: 14px; color: rgb(117, 117, 117); font-family: 微软雅黑, Verdana, Geneva, sans-serif; white-space: normal; background-color: rgb(255, 255, 255);&quot;&gt;&lt;strong style=&quot;margin: 0px; padding: 0px;&quot;&gt;【销售网点】&lt;/strong&gt;&lt;br/&gt;“味多美提货卡”目前由味多美位于北京味多美食品有限责任公司及下设各门店销售。&lt;/p&gt;&lt;p style=&quot;margin: 20px; padding: 0px; font-size: 14px; color: rgb(117, 117, 117); font-family: 微软雅黑, Verdana, Geneva, sans-serif; white-space: normal; background-color: rgb(255, 255, 255);&quot;&gt;&lt;strong style=&quot;margin: 0px; padding: 0px;&quot;&gt;【购卡信息登记】&lt;/strong&gt;&lt;br/&gt;购买人申购“味多美提货卡”的，味多美将根据相关规定的要求，登记、核对、留存购买人及其授权经办人的身份信息和身份证明文件。购买人、或其授权经办人如发生住所变动、身份证明文件变动、联系电话变更等情况时，应及时通知味多美。有效身份证明文件：&lt;br/&gt;1、单位的有效身份证明文件包括：营业执照、事业单位法人证书、税务登记证、组织机构代码证、法定代表人、授权 经办人员的有效身份证件。&lt;br/&gt;2、个人的有效身份证明文件指：政府部门颁发的能够确认其身份且附有本人照片的身&lt;br/&gt;份证件，或者政府有权机关出具的能够证明其真实身份的证明文件，包括但不限于身份证、户口簿、军官证、文职干部证、士兵证、 警官证、护照、户籍证明。 3、如发生住所变动、身份证明文件变动、联系电话变更等情况时，需及时通知味多美。&lt;/p&gt;&lt;p style=&quot;margin: 20px; padding: 0px; font-size: 14px; color: rgb(117, 117, 117); font-family: 微软雅黑, Verdana, Geneva, sans-serif; white-space: normal; background-color: rgb(255, 255, 255);&quot;&gt;&lt;strong style=&quot;margin: 0px; padding: 0px;&quot;&gt;【卡片使用-损坏】&lt;/strong&gt;&lt;br/&gt;持卡人正常合理使用卡片的前提下，如果卡片磁条损坏或卡片无法使用的，味多美将进行检测，如果由于味多美的原因造成的，味多美将提供修复或免费更换的服务如果由于自然磨损或持卡人保管使用不善造成的，味多美可以根据持卡人要求更换新卡，但持卡人需支付卡片的工本费（5元/张），味多美将卡内余额转移至新卡内&lt;/p&gt;&lt;p style=&quot;margin: 20px; padding: 0px; font-size: 14px; color: rgb(117, 117, 117); font-family: 微软雅黑, Verdana, Geneva, sans-serif; white-space: normal; background-color: rgb(255, 255, 255);&quot;&gt;&lt;strong style=&quot;margin: 0px; padding: 0px;&quot;&gt;【卡片使用、查询】&lt;/strong&gt;&lt;br/&gt;持卡人可通过味多美的自动语音电话010-64090969和人工服务电话010-82291930查询卡内余额及有效期。&lt;br/&gt;此卡只作为提货凭证，不参加其它优惠活动，只限提取味多美的自产产品。&lt;br/&gt;持卡消费要求配送货时，需在门店刷卡后方可配送（配送费另收）。&lt;br/&gt;此卡在订购时已开具发票，刷卡提货时不再开具发票。&lt;/p&gt;&lt;p style=&quot;margin: 20px; padding: 0px; font-size: 14px; color: rgb(117, 117, 117); font-family: 微软雅黑, Verdana, Geneva, sans-serif; white-space: normal; background-color: rgb(255, 255, 255);&quot;&gt;&lt;strong style=&quot;margin: 0px; padding: 0px;&quot;&gt;【卡片使用、持卡人退货】&lt;/strong&gt;&lt;br/&gt;本公司只支持客户当日购买商品后没有带着商品离开门店的退货。持卡人需向门店收银员提供当次购物小票和刷卡小票，由收银员提交公司后台操作进行退货处理，3个工作日内所退还的金额将退至购货时使用的味多美提货卡内，持卡人不得以退货方式套取现金。&lt;/p&gt;&lt;p style=&quot;margin: 20px; padding: 0px; font-size: 14px; color: rgb(117, 117, 117); font-family: 微软雅黑, Verdana, Geneva, sans-serif; white-space: normal; background-color: rgb(255, 255, 255);&quot;&gt;&lt;strong style=&quot;margin: 0px; padding: 0px;&quot;&gt;【提货卡赎回条件】&lt;/strong&gt;&lt;br/&gt;充值卡持卡人要求赎回卡内剩余资金的，应在购卡至少 6 个月后，由持卡人本人持相应的卡片、购卡有效身份证明、原购卡发票、赎回请求书（应说明赎回理由）向原购卡网点提出申请。如果持卡人所购的预付卡是其所在单位名义购买的，只能由该单位办理赎回手续，该单位办理赎回手续的，除提交原购卡发票、拟赎回的卡片赎回请求书外，还应提交单位有效身份证明文件（营业执照复印件、税务登记证复印件、组织机构代码证复印件，并加盖公章）至原购卡网点办理。&lt;/p&gt;&lt;p style=&quot;margin: 20px; padding: 0px; font-size: 14px; color: rgb(117, 117, 117); font-family: 微软雅黑, Verdana, Geneva, sans-serif; white-space: normal; background-color: rgb(255, 255, 255);&quot;&gt;&lt;strong style=&quot;margin: 0px; padding: 0px;&quot;&gt;【提货卡赎回税费】&lt;/strong&gt;&lt;br/&gt;若因充值卡的赎回发生任何有关税费的，由各方当事人承担各自应缴纳的税费。味多美代扣代缴的，退回赎回的金额时将相应扣缴该税费金额。&lt;/p&gt;&lt;p style=&quot;margin: 20px; padding: 0px; font-size: 14px; color: rgb(117, 117, 117); font-family: 微软雅黑, Verdana, Geneva, sans-serif; white-space: normal; background-color: rgb(255, 255, 255);&quot;&gt;&lt;strong style=&quot;margin: 0px; padding: 0px;&quot;&gt;【提货卡赎回审核】&lt;/strong&gt;&lt;br/&gt;味多美有权对拟赎回的卡片进行审核，包括审核持卡人提供的所有证件，确保身份信息及购卡凭证等的一致性后，登记赎回卡号、金额，并同时留存办理赎回时的所有相关证件的复印件，然后将申请赎回的卡内剩余金额按购卡时的折让比例计算实际余额并扣除赎回手续费后退回至原购卡时的银行账户内，不退回现金。&lt;/p&gt;&lt;p style=&quot;margin: 20px; padding: 0px; font-size: 14px; color: rgb(117, 117, 117); font-family: 微软雅黑, Verdana, Geneva, sans-serif; white-space: normal; background-color: rgb(255, 255, 255);&quot;&gt;&lt;strong style=&quot;margin: 0px; padding: 0px;&quot;&gt;【权利义务】&lt;/strong&gt;&lt;br/&gt;对以非法占有为目的，伪造、变造味多美储值卡，使用伪造、涂改的味多美储值卡，冒领、冒用味多美储值卡，或利用味多美储值卡进行诈骗活动的，以及其它有损味多美合法权益的行为，味多美有权维护自身合法权益并依法追究有关当事人的法律责任。&lt;/p&gt;&lt;p style=&quot;margin: 20px; padding: 0px; font-size: 14px; color: rgb(117, 117, 117); font-family: 微软雅黑, Verdana, Geneva, sans-serif; white-space: normal; background-color: rgb(255, 255, 255);&quot;&gt;&lt;strong style=&quot;margin: 0px; padding: 0px;&quot;&gt;【发票管理】&lt;/strong&gt;&lt;br/&gt;味多美及其销售机构只向购卡人开具符合监管要求的发票，包括发票金额、抬头、日期等要素。发票一旦开具，遗失不补。&lt;/p&gt;&lt;p style=&quot;margin: 20px; padding: 0px; font-size: 14px; color: rgb(117, 117, 117); font-family: 微软雅黑, Verdana, Geneva, sans-serif; white-space: normal; background-color: rgb(255, 255, 255);&quot;&gt;&lt;strong style=&quot;margin: 0px; padding: 0px;&quot;&gt;【章程变动】&lt;/strong&gt;&lt;br/&gt;本章程由味多美制定、修改和解释。本章程及收费项目、收费标准、收费方式发生变动时，味多美将通过营业网点、网站等将修改后的章程进行公告。变动内容自公告之日起 30个工作日后生效。&lt;/p&gt;&lt;p&gt;&lt;br/&gt;&lt;/p&gt;');
INSERT INTO `article` VALUES ('21', '提货卡/积分卡查询', '&lt;p&gt;&lt;a href=&quot;http://www.wdmcake.cn/chuzhi/chuzhi.html&quot; style=&quot;margin: 0px; padding: 0px; color: rgb(117, 117, 117); text-decoration-line: none; font-family: 微软雅黑, Verdana, Geneva, sans-serif; font-size: 14px; white-space: normal; background-color: rgb(255, 255, 255);&quot;&gt;提货卡/积分卡查询&lt;/a&gt;&amp;nbsp;哈哈&lt;/p&gt;');
INSERT INTO `article` VALUES ('22', '味多美新闻', '&lt;p&gt;没新闻sorry~&lt;/p&gt;');
INSERT INTO `article` VALUES ('23', '加入味多美', '&lt;p&gt;&lt;span style=&quot;margin: 0px; padding: 0px; font-family: 微软雅黑, Verdana, Geneva, sans-serif; font-size: 14px; background-color: rgb(255, 255, 255);&quot;&gt;我们的用人标准：&lt;/span&gt;&lt;span style=&quot;color: rgb(117, 117, 117); font-family: 微软雅黑, Verdana, Geneva, sans-serif; font-size: 14px; background-color: rgb(255, 255, 255);&quot;&gt;认真的工作态度，诚信的品质，强烈的创新精神，与味多美共同&lt;/span&gt;&lt;br/&gt;&lt;span style=&quot;color: rgb(117, 117, 117); font-family: 微软雅黑, Verdana, Geneva, sans-serif; font-size: 14px; background-color: rgb(255, 255, 255);&quot;&gt;成长的事业心。如果您想寻找舌尖上的纯粹美味；欢迎您加入我们的团队！&lt;/span&gt;&lt;/p&gt;');
INSERT INTO `article` VALUES ('24', '系统维护专员', '&lt;p style=&quot;margin-top: 0px; margin-bottom: 0px; padding: 0px; color: rgb(134, 134, 134); font-family: 微软雅黑, Verdana, Geneva, sans-serif; font-size: 14px; white-space: normal; background-color: rgb(255, 255, 255);&quot;&gt;&lt;strong style=&quot;margin: 0px; padding: 0px; color: rgb(51, 51, 51);&quot;&gt;岗位职责&lt;/strong&gt;&lt;/p&gt;&lt;p&gt;1、负责实施远程运维组主管安排的工作；&lt;/p&gt;&lt;p&gt;2、负责门店ERP系统中出现的各类可远程解决的故障；&lt;/p&gt;&lt;p&gt;3、负责ERP系统中新门店后台信息的添加及所需模板的分配权限；&lt;/p&gt;&lt;p&gt;4、负责ERP系统错误或其他原因导致门店数据异常的故障；&lt;/p&gt;&lt;p&gt;5、负责ERP系统内相应商品数据的维护工作，包括商品的改价、模板分配等；&lt;/p&gt;&lt;p&gt;6、负责ERP系统内门店向工厂要货数据的汇总，保证每天要货正常；&lt;/p&gt;&lt;p&gt;7、负责工厂各部门计算机的正常维护和软硬件的调试、安装；&lt;/p&gt;&lt;p&gt;8、负责工厂监控设备的实施与维护。&lt;/p&gt;&lt;p&gt;&amp;nbsp;&lt;/p&gt;&lt;p&gt;&lt;strong style=&quot;margin: 0px; padding: 0px; color: rgb(51, 51, 51);&quot;&gt;任职要求&lt;/strong&gt;&lt;/p&gt;&lt;p&gt;1、大专及以上学历，计算机相关专业；&lt;/p&gt;&lt;p&gt;2、具有良好的沟通表达能力。&lt;/p&gt;&lt;p&gt;&amp;nbsp;&lt;/p&gt;&lt;p&gt;&lt;strong style=&quot;margin: 0px; padding: 0px; color: rgb(51, 51, 51);&quot;&gt;关于味多美&lt;/strong&gt;&lt;/p&gt;&lt;p&gt;&amp;nbsp; &amp;nbsp; &amp;nbsp; &amp;nbsp;味多美公司创立于1996年，是国内著名烘焙连锁食品企业，主要经营产品包括蛋糕、面包、咖啡、中西式点心、月饼、粽子等。成立至今，在中国已创办了300多家直营连锁店，2010—2011年相继落户上海、河北、包头等地。味多美在北京、上海、包头同时拥有现代化的中央工厂，集“生产”“配送”“销售”为一体，专业的品质管理制度，保证食品安全。味多美品牌定位于中高端消费者，以丰富的、高品质的产品，平民化的价格，亲切友善的服务，便利的连锁店铺，赢得了消费者的青睐。&lt;/p&gt;&lt;p&gt;&amp;nbsp;&lt;/p&gt;&lt;p&gt;&lt;strong style=&quot;margin: 0px; padding: 0px; color: rgb(51, 51, 51);&quot;&gt;联系方式&lt;/strong&gt;&lt;/p&gt;&lt;p&gt;企业地址：北京市海淀区西直门北大街32号枫蓝国际B座7层&lt;/p&gt;&lt;p&gt;乘车路线：&lt;/p&gt;&lt;p&gt;1、地铁2/4/13号到西直门A口乘坐375路，或D口出乘坐632路到文慧桥北下车，东南角枫蓝国际购物中心B座7层味多美 &amp;nbsp; &amp;nbsp; &amp;nbsp; &amp;nbsp; &amp;nbsp;&lt;/p&gt;&lt;p&gt;2、公交604/375/693/80/84/387/21/632路到文慧桥北下车，东南角枫蓝国际购物中心B座7层味多美&lt;/p&gt;&lt;p&gt;联系电话：010-82295178 人力资源部&lt;/p&gt;&lt;p&gt;公司网址：http://www.wdmcake.cn&lt;/p&gt;&lt;p&gt;&lt;br/&gt;&lt;/p&gt;');
INSERT INTO `article` VALUES ('25', '营业员', '&lt;p style=&quot;margin-top: 0px; margin-bottom: 0px; padding: 0px; color: rgb(134, 134, 134); font-family: 微软雅黑, Verdana, Geneva, sans-serif; font-size: 14px; white-space: normal; background-color: rgb(255, 255, 255);&quot;&gt;&lt;strong style=&quot;margin: 0px; padding: 0px; color: rgb(51, 51, 51);&quot;&gt;岗位职责&lt;/strong&gt;&lt;/p&gt;&lt;p style=&quot;margin-top: 0px; margin-bottom: 0px; padding: 0px; color: rgb(134, 134, 134); font-family: 微软雅黑, Verdana, Geneva, sans-serif; font-size: 14px; white-space: normal; background-color: rgb(255, 255, 255);&quot;&gt;&lt;span style=&quot;margin: 0px; padding: 0px;&quot;&gt;1、&lt;/span&gt;&lt;span style=&quot;color:#868686;font-family:微软雅黑, Verdana, Geneva, sans-serif&quot;&gt;接待顾客，做好门店的新品介绍，产品促销、收银等工作；&lt;/span&gt;&lt;/p&gt;&lt;p style=&quot;margin-top: 0px; margin-bottom: 0px; padding: 0px; color: rgb(134, 134, 134); font-family: 微软雅黑, Verdana, Geneva, sans-serif; font-size: 14px; white-space: normal; background-color: rgb(255, 255, 255);&quot;&gt;&lt;span style=&quot;color:#868686;font-family:微软雅黑, Verdana, Geneva, sans-serif&quot;&gt;2、负责做好货品销售记录、盘点、账目核对工作；&lt;/span&gt;&lt;/p&gt;&lt;p style=&quot;margin-top: 0px; margin-bottom: 0px; padding: 0px; color: rgb(134, 134, 134); font-family: 微软雅黑, Verdana, Geneva, sans-serif; font-size: 14px; white-space: normal; background-color: rgb(255, 255, 255);&quot;&gt;&lt;span style=&quot;color:#868686;font-family:微软雅黑, Verdana, Geneva, sans-serif&quot;&gt;3、按规定完成各项销售统计工作；&lt;/span&gt;&lt;/p&gt;&lt;p style=&quot;margin-top: 0px; margin-bottom: 0px; padding: 0px; color: rgb(134, 134, 134); font-family: 微软雅黑, Verdana, Geneva, sans-serif; font-size: 14px; white-space: normal; background-color: rgb(255, 255, 255);&quot;&gt;&lt;span style=&quot;color:#868686;font-family:微软雅黑, Verdana, Geneva, sans-serif&quot;&gt;4、完成商品的来货验收、上架陈列摆放、补货、退货、防损等日常营业工作；&lt;/span&gt;&lt;/p&gt;&lt;p style=&quot;margin-top: 0px; margin-bottom: 0px; padding: 0px; color: rgb(134, 134, 134); font-family: 微软雅黑, Verdana, Geneva, sans-serif; font-size: 14px; white-space: normal; background-color: rgb(255, 255, 255);&quot;&gt;&lt;span style=&quot;color:#868686;font-family:微软雅黑, Verdana, Geneva, sans-serif&quot;&gt;5、领导交办的其他相关工作。&lt;/span&gt;&lt;/p&gt;&lt;p&gt;&amp;nbsp;&lt;/p&gt;&lt;p&gt;&lt;strong style=&quot;margin: 0px; padding: 0px; color: rgb(51, 51, 51);&quot;&gt;任职资格&lt;/strong&gt;&lt;/p&gt;&lt;p&gt;1、年龄要求18-30周岁之间，初中及以上学历；&lt;/p&gt;&lt;p&gt;2、身高160cm以上；&lt;/p&gt;&lt;p&gt;3、面部及手部没有疤痕或者纹身；&lt;/p&gt;&lt;p&gt;4、具有较好的亲和力及服务意识。&lt;/p&gt;&lt;p&gt;&amp;nbsp;&lt;/p&gt;&lt;p&gt;&lt;strong style=&quot;margin: 0px; padding: 0px; color: rgb(51, 51, 51);&quot;&gt;联系方式&lt;/strong&gt;&lt;/p&gt;&lt;p style=&quot;margin-top: 0px; margin-bottom: 0px; padding: 0px; color: rgb(134, 134, 134); font-family: 微软雅黑, Verdana, Geneva, sans-serif; font-size: 14px; white-space: normal; background-color: rgb(255, 255, 255);&quot;&gt;请就近味多美门店咨询店经理&lt;/p&gt;&lt;p&gt;&lt;br/&gt;&lt;/p&gt;');
INSERT INTO `article` VALUES ('26', '面包学徒', '&lt;p style=&quot;margin-top: 0px; margin-bottom: 0px; padding: 0px; color: rgb(134, 134, 134); font-family: 微软雅黑, Verdana, Geneva, sans-serif; font-size: 14px; white-space: normal; background-color: rgb(255, 255, 255);&quot;&gt;&lt;strong style=&quot;margin: 0px; padding: 0px; color: rgb(51, 51, 51);&quot;&gt;岗位职责&lt;/strong&gt;&lt;/p&gt;&lt;p style=&quot;margin-top: 0px; margin-bottom: 0px; padding: 0px; color: rgb(134, 134, 134); font-family: 微软雅黑, Verdana, Geneva, sans-serif; font-size: 14px; white-space: normal; background-color: rgb(255, 255, 255);&quot;&gt;&lt;span style=&quot;margin: 0px; padding: 0px;&quot;&gt;1、&lt;/span&gt;&lt;span style=&quot;color:#868686;font-family:微软雅黑, Verdana, Geneva, sans-serif&quot;&gt;学习门店面包的制作；&lt;/span&gt;&lt;/p&gt;&lt;p style=&quot;margin-top: 0px; margin-bottom: 0px; padding: 0px; color: rgb(134, 134, 134); font-family: 微软雅黑, Verdana, Geneva, sans-serif; font-size: 14px; white-space: normal; background-color: rgb(255, 255, 255);&quot;&gt;&lt;span style=&quot;color:#868686;font-family:微软雅黑, Verdana, Geneva, sans-serif&quot;&gt;2、制作新鲜的产品，满足门店的售卖需要；&lt;/span&gt;&lt;/p&gt;&lt;p style=&quot;margin-top: 0px; margin-bottom: 0px; padding: 0px; color: rgb(134, 134, 134); font-family: 微软雅黑, Verdana, Geneva, sans-serif; font-size: 14px; white-space: normal; background-color: rgb(255, 255, 255);&quot;&gt;&lt;span style=&quot;color:#868686;font-family:微软雅黑, Verdana, Geneva, sans-serif&quot;&gt;3、协助完成顾客订购大量面包订单的制作；&lt;/span&gt;&lt;/p&gt;&lt;p style=&quot;margin-top: 0px; margin-bottom: 0px; padding: 0px; color: rgb(134, 134, 134); font-family: 微软雅黑, Verdana, Geneva, sans-serif; font-size: 14px; white-space: normal; background-color: rgb(255, 255, 255);&quot;&gt;&lt;span style=&quot;color:#868686;font-family:微软雅黑, Verdana, Geneva, sans-serif&quot;&gt;4、和营业员对接，完成产品的对数、上架、退数等工作；&lt;/span&gt;&lt;/p&gt;&lt;p style=&quot;margin-top: 0px; margin-bottom: 0px; padding: 0px; color: rgb(134, 134, 134); font-family: 微软雅黑, Verdana, Geneva, sans-serif; font-size: 14px; white-space: normal; background-color: rgb(255, 255, 255);&quot;&gt;&lt;span style=&quot;color:#868686;font-family:微软雅黑, Verdana, Geneva, sans-serif&quot;&gt;5、师傅交办的其他相关工作；&lt;/span&gt;&lt;/p&gt;&lt;p&gt;&amp;nbsp;&lt;/p&gt;&lt;p&gt;&lt;span style=&quot;font-family: 微软雅黑, &amp;quot;Microsoft YaHei&amp;quot;; font-size: 14px;&quot;&gt;&lt;strong style=&quot;margin: 0px; padding: 0px; color: rgb(51, 51, 51);&quot;&gt;任职资格&lt;/strong&gt;&lt;/span&gt;&lt;/p&gt;&lt;p&gt;&lt;span style=&quot;font-family: 微软雅黑, &amp;quot;Microsoft YaHei&amp;quot;; font-size: 14px;color: rgb(134, 134, 134);&quot;&gt;1、身高160cm以上，初中及以上学历；&lt;/span&gt;&lt;/p&gt;&lt;p&gt;&lt;span style=&quot;font-family: 微软雅黑, &amp;quot;Microsoft YaHei&amp;quot;; font-size: 14px;color: rgb(134, 134, 134);&quot;&gt;2、视力正常，不近视；&lt;/span&gt;&lt;/p&gt;&lt;p&gt;&lt;span style=&quot;font-family: 微软雅黑, &amp;quot;Microsoft YaHei&amp;quot;; font-size: 14px;color: rgb(134, 134, 134);&quot;&gt;3、面部及手部没有明显的疤痕和纹身；&lt;/span&gt;&lt;/p&gt;&lt;p&gt;&lt;span style=&quot;font-family: 微软雅黑, &amp;quot;Microsoft YaHei&amp;quot;; font-size: 14px;color: rgb(134, 134, 134);&quot;&gt;4、年龄在18-25周岁之间。&lt;/span&gt;&lt;/p&gt;&lt;p&gt;&amp;nbsp;&lt;/p&gt;&lt;p&gt;&lt;span style=&quot;font-family: 微软雅黑, &amp;quot;Microsoft YaHei&amp;quot;; font-size: 14px;&quot;&gt;&lt;strong style=&quot;margin: 0px; padding: 0px; color: rgb(51, 51, 51);&quot;&gt;联系方式&lt;/strong&gt;&lt;/span&gt;&lt;/p&gt;&lt;p style=&quot;margin-top: 0px; margin-bottom: 0px; padding: 0px; color: rgb(134, 134, 134); font-family: 微软雅黑, Verdana, Geneva, sans-serif; font-size: 14px; white-space: normal; background-color: rgb(255, 255, 255);&quot;&gt;请就近味多美门店咨询店经理&lt;/p&gt;&lt;p&gt;&lt;br/&gt;&lt;/p&gt;');
INSERT INTO `article` VALUES ('27', '保洁', '&lt;p style=&quot;margin-top: 0px; margin-bottom: 0px; padding: 0px; color: rgb(134, 134, 134); font-family: 微软雅黑, Verdana, Geneva, sans-serif; font-size: 14px; white-space: normal; background-color: rgb(255, 255, 255);&quot;&gt;&lt;strong style=&quot;margin: 0px; padding: 0px; color: rgb(51, 51, 51);&quot;&gt;岗位职责&lt;/strong&gt;&lt;/p&gt;&lt;p style=&quot;margin-top: 0px; margin-bottom: 0px; padding: 0px; color: rgb(134, 134, 134); font-family: 微软雅黑, Verdana, Geneva, sans-serif; font-size: 14px; white-space: normal; background-color: rgb(255, 255, 255);&quot;&gt;&lt;span style=&quot;margin: 0px; padding: 0px;&quot;&gt;1、&lt;/span&gt;&lt;span style=&quot;color: rgb(134, 134, 134);font-family:微软雅黑, Verdana, Geneva, sans-serif&quot;&gt;门店餐盘的清洗保洁；&lt;/span&gt;&lt;/p&gt;&lt;p style=&quot;margin-top: 0px; margin-bottom: 0px; padding: 0px; color: rgb(134, 134, 134); font-family: 微软雅黑, Verdana, Geneva, sans-serif; font-size: 14px; white-space: normal; background-color: rgb(255, 255, 255);&quot;&gt;&lt;span style=&quot;color: rgb(134, 134, 134);font-family:微软雅黑, Verdana, Geneva, sans-serif&quot;&gt;2、门店整体卫生的打扫清洁工作；&lt;/span&gt;&lt;/p&gt;&lt;p style=&quot;margin-top: 0px; margin-bottom: 0px; padding: 0px; color: rgb(134, 134, 134); font-family: 微软雅黑, Verdana, Geneva, sans-serif; font-size: 14px; white-space: normal; background-color: rgb(255, 255, 255);&quot;&gt;&lt;span style=&quot;color: rgb(134, 134, 134);font-family:微软雅黑, Verdana, Geneva, sans-serif&quot;&gt;3、门店员工工作餐主食的制作；&lt;/span&gt;&lt;/p&gt;&lt;p style=&quot;margin-top: 0px; margin-bottom: 0px; padding: 0px; color: rgb(134, 134, 134); font-family: 微软雅黑, Verdana, Geneva, sans-serif; font-size: 14px; white-space: normal; background-color: rgb(255, 255, 255);&quot;&gt;&lt;span style=&quot;color: rgb(134, 134, 134);font-family:微软雅黑, Verdana, Geneva, sans-serif&quot;&gt;4、协助前厅员工完成门店的日常运营；&lt;/span&gt;&lt;/p&gt;&lt;p style=&quot;margin-top: 0px; margin-bottom: 0px; padding: 0px; color: rgb(134, 134, 134); font-family: 微软雅黑, Verdana, Geneva, sans-serif; font-size: 14px; white-space: normal; background-color: rgb(255, 255, 255);&quot;&gt;&lt;span style=&quot;color: rgb(134, 134, 134);font-family:微软雅黑, Verdana, Geneva, sans-serif&quot;&gt;5、完成店经理交办的其他相关工作。&lt;/span&gt;&lt;/p&gt;&lt;p&gt;&amp;nbsp;&lt;/p&gt;&lt;p&gt;&lt;span style=&quot;font-family: 微软雅黑, &amp;quot;Microsoft YaHei&amp;quot;; font-size: 14px;&quot;&gt;&lt;strong style=&quot;margin: 0px; padding: 0px; color: rgb(51, 51, 51);&quot;&gt;任职资格&lt;/strong&gt;&lt;/span&gt;&lt;/p&gt;&lt;p&gt;&lt;span style=&quot;font-family: 微软雅黑, &amp;quot;Microsoft YaHei&amp;quot;; font-size: 14px;&quot;&gt;年龄：30-45周岁&lt;/span&gt;&lt;/p&gt;&lt;p&gt;&lt;span style=&quot;font-family: 微软雅黑, &amp;quot;Microsoft YaHei&amp;quot;; font-size: 14px;&quot;&gt;身高：女性160cm以上&lt;/span&gt;&lt;/p&gt;&lt;p&gt;&lt;span style=&quot;font-family: 微软雅黑, &amp;quot;Microsoft YaHei&amp;quot;; font-size: 14px;&quot;&gt;要求：普通话标准，踏实肯干、认真负责、身体健康&lt;/span&gt;&lt;/p&gt;&lt;p&gt;&lt;span style=&quot;font-family: 微软雅黑, &amp;quot;Microsoft YaHei&amp;quot;; font-size: 14px;&quot;&gt;其他：面部及手部没有纹身或疤痕&lt;/span&gt;&lt;/p&gt;&lt;p&gt;&lt;span style=&quot;font-family: 微软雅黑, &amp;quot;Microsoft YaHei&amp;quot;; font-size: 14px;&quot;&gt;&amp;nbsp;&lt;/span&gt;&lt;/p&gt;&lt;p&gt;&lt;span style=&quot;font-family: 微软雅黑, &amp;quot;Microsoft YaHei&amp;quot;; font-size: 14px;&quot;&gt;&lt;strong style=&quot;margin: 0px; padding: 0px; color: rgb(51, 51, 51);&quot;&gt;联系方式&lt;/strong&gt;&lt;/span&gt;&lt;/p&gt;&lt;p style=&quot;margin-top: 0px; margin-bottom: 0px; padding: 0px; color: rgb(134, 134, 134); font-family: 微软雅黑, Verdana, Geneva, sans-serif; font-size: 14px; white-space: normal; background-color: rgb(255, 255, 255);&quot;&gt;请就近味多美门店咨询店经理&lt;/p&gt;&lt;p&gt;&lt;br/&gt;&lt;/p&gt;');
INSERT INTO `article` VALUES ('28', '裱花学徒', '&lt;p style=&quot;margin-top: 0px; margin-bottom: 0px; padding: 0px;&quot;&gt;&lt;span style=&quot;font-family: 微软雅黑, &quot;&gt;&lt;strong style=&quot;margin: 0px; padding: 0px; color: rgb(51, 51, 51);&quot;&gt;岗位职责&lt;/strong&gt;&lt;/span&gt;&lt;/p&gt;&lt;p style=&quot;margin-top: 0px; margin-bottom: 0px; padding: 0px;&quot;&gt;&lt;span style=&quot;font-family: 微软雅黑, &quot;&gt;1、学习门店蛋糕裱花的制作；&lt;/span&gt;&lt;/p&gt;&lt;p style=&quot;margin-top: 0px; margin-bottom: 0px; padding: 0px;&quot;&gt;&lt;span style=&quot;font-family: 微软雅黑, &quot;&gt;2、制作新鲜的产品，满足门店的售卖需要；&lt;/span&gt;&lt;/p&gt;&lt;p&gt;&lt;span style=&quot;font-family: 微软雅黑, &quot;&gt;3、协助完成顾客订购大型蛋糕订单的制作；&lt;/span&gt;&lt;/p&gt;&lt;p&gt;&lt;span style=&quot;font-family: 微软雅黑, &quot;&gt;4、和营业员对接，完成产品的对数、上架、退数等工作；&lt;/span&gt;&lt;/p&gt;&lt;p&gt;&lt;span style=&quot;font-family: 微软雅黑, &quot;&gt;5、师傅交办的其他相关工作；&lt;/span&gt;&lt;/p&gt;&lt;p&gt;&lt;span style=&quot;font-family: 微软雅黑, &quot;&gt;&amp;nbsp;&lt;/span&gt;&lt;/p&gt;&lt;p&gt;&lt;span style=&quot;font-family: 微软雅黑, &quot;&gt;&lt;strong style=&quot;margin: 0px; padding: 0px; color: rgb(51, 51, 51);&quot;&gt;任职资格&lt;/strong&gt;&lt;/span&gt;&lt;/p&gt;&lt;p&gt;&lt;span style=&quot;font-family: 微软雅黑, &quot;&gt;1、身高160cm以上，初中及以上学历；&lt;/span&gt;&lt;/p&gt;&lt;p&gt;&lt;span style=&quot;font-family: 微软雅黑, &quot;&gt;2、视力正常，不近视；&lt;/span&gt;&lt;/p&gt;&lt;p&gt;&lt;span style=&quot;font-family: 微软雅黑, &quot;&gt;3、面部及手部没有明显的疤痕和纹身；&lt;/span&gt;&lt;/p&gt;&lt;p&gt;&lt;span style=&quot;font-family: 微软雅黑, &quot;&gt;4、年龄在18-23周岁之间。&lt;/span&gt;&lt;/p&gt;&lt;p&gt;&lt;span style=&quot;font-family: 微软雅黑, &quot;&gt;&amp;nbsp;&lt;/span&gt;&lt;/p&gt;&lt;p&gt;&lt;span style=&quot;font-family: 微软雅黑, &quot;&gt;&lt;strong style=&quot;margin: 0px; padding: 0px; color: rgb(51, 51, 51);&quot;&gt;联系方式&lt;/strong&gt;&lt;/span&gt;&lt;/p&gt;&lt;p style=&quot;margin-top: 0px; margin-bottom: 0px; padding: 0px;&quot;&gt;&lt;span style=&quot;font-family: 微软雅黑, &quot;&gt;请就近味多美门店咨询店经理&lt;/span&gt;&lt;/p&gt;&lt;ul class=&quot;ul_w list-paddingleft-2&quot; style=&quot;list-style-type: none;&quot;&gt;&lt;li&gt;&lt;p&gt;&lt;br/&gt;&lt;/p&gt;&lt;/li&gt;&lt;ul style=&quot;list-style-type: circle;&quot; class=&quot; list-paddingleft-2&quot;&gt;&lt;/ul&gt;&lt;/ul&gt;&lt;p&gt;&lt;br/&gt;&lt;/p&gt;');
INSERT INTO `article` VALUES ('29', '开发专员', '&lt;p style=&quot;margin-top: 0px; margin-bottom: 0px; padding: 0px; color: rgb(134, 134, 134); font-family: 微软雅黑, Verdana, Geneva, sans-serif; font-size: 14px; white-space: normal; background-color: rgb(255, 255, 255);&quot;&gt;&lt;strong style=&quot;margin: 0px; padding: 0px; color: rgb(51, 51, 51);&quot;&gt;岗位职责&lt;/strong&gt;&lt;/p&gt;&lt;p style=&quot;margin-top: 0px; margin-bottom: 0px; padding: 0px; color: rgb(134, 134, 134); font-family: 微软雅黑, Verdana, Geneva, sans-serif; font-size: 14px; white-space: normal; background-color: rgb(255, 255, 255);&quot;&gt;&lt;span style=&quot;margin: 0px; padding: 0px;&quot;&gt;1、&lt;/span&gt;&lt;span style=&quot;color:#868686;font-family:微软雅黑, Verdana, Geneva, sans-serif&quot;&gt;按照直属上级的部署于要求，有效完成扫街，点位规划、登记工作；&lt;/span&gt;&lt;/p&gt;&lt;p style=&quot;margin-top: 0px; margin-bottom: 0px; padding: 0px; color: rgb(134, 134, 134); font-family: 微软雅黑, Verdana, Geneva, sans-serif; font-size: 14px; white-space: normal; background-color: rgb(255, 255, 255);&quot;&gt;&lt;span style=&quot;color:#868686;font-family:微软雅黑, Verdana, Geneva, sans-serif&quot;&gt;2、负责公司连锁门店选址、立项工作；&lt;/span&gt;&lt;/p&gt;&lt;p style=&quot;margin-top: 0px; margin-bottom: 0px; padding: 0px; color: rgb(134, 134, 134); font-family: 微软雅黑, Verdana, Geneva, sans-serif; font-size: 14px; white-space: normal; background-color: rgb(255, 255, 255);&quot;&gt;&lt;span style=&quot;color:#868686;font-family:微软雅黑, Verdana, Geneva, sans-serif&quot;&gt;3、负责新项目的确认、跟踪、交定及后续签约工作；&lt;/span&gt;&lt;/p&gt;&lt;p style=&quot;margin-top: 0px; margin-bottom: 0px; padding: 0px; color: rgb(134, 134, 134); font-family: 微软雅黑, Verdana, Geneva, sans-serif; font-size: 14px; white-space: normal; background-color: rgb(255, 255, 255);&quot;&gt;&lt;span style=&quot;color:#868686;font-family:微软雅黑, Verdana, Geneva, sans-serif&quot;&gt;4、领导交办的其他相关工作。&lt;/span&gt;&lt;/p&gt;&lt;p&gt;&amp;nbsp;&lt;/p&gt;&lt;p&gt;&lt;span style=&quot;font-family: 微软雅黑, &amp;quot;Microsoft YaHei&amp;quot;; font-size: 14px;&quot;&gt;&lt;strong style=&quot;margin: 0px; padding: 0px; color: rgb(51, 51, 51);&quot;&gt;任职资格&lt;/strong&gt;&lt;/span&gt;&lt;/p&gt;&lt;p&gt;&lt;span style=&quot;font-family: 微软雅黑, &amp;quot;Microsoft YaHei&amp;quot;; font-size: 14px;color: rgb(134, 134, 134);&quot;&gt;1、从事连锁门店选址的工作者有限考虑；&lt;/span&gt;&lt;/p&gt;&lt;p&gt;&lt;span style=&quot;font-family: 微软雅黑, &amp;quot;Microsoft YaHei&amp;quot;; font-size: 14px;color: rgb(134, 134, 134);&quot;&gt;2、善于沟通表达，熟悉北京地形，具备较高的综合性思维；&lt;/span&gt;&lt;/p&gt;&lt;p&gt;&lt;span style=&quot;font-family: 微软雅黑, &amp;quot;Microsoft YaHei&amp;quot;; font-size: 14px;color: rgb(134, 134, 134);&quot;&gt;3、为人诚实、吃苦耐劳，有良好的团队协作能力。&lt;/span&gt;&lt;/p&gt;&lt;p&gt;&lt;span style=&quot;font-family: 微软雅黑, &amp;quot;Microsoft YaHei&amp;quot;; font-size: 14px;&quot;&gt;&amp;nbsp;&lt;/span&gt;&lt;/p&gt;&lt;p&gt;&lt;span style=&quot;font-family: 微软雅黑, &amp;quot;Microsoft YaHei&amp;quot;; font-size: 14px;&quot;&gt;&lt;strong style=&quot;margin: 0px; padding: 0px; color: rgb(51, 51, 51);&quot;&gt;联系方式&lt;/strong&gt;&lt;/span&gt;&lt;/p&gt;&lt;p style=&quot;margin-top: 0px; margin-bottom: 0px; padding: 0px; color: rgb(134, 134, 134); font-family: 微软雅黑, Verdana, Geneva, sans-serif; font-size: 14px; white-space: normal; background-color: rgb(255, 255, 255);&quot;&gt;&lt;span style=&quot;color:#868686;font-family:微软雅黑, Verdana, Geneva, sans-serif&quot;&gt;企业地址：北京市海淀区西直门北大街32号枫蓝国际B座7层&lt;/span&gt;&lt;/p&gt;&lt;p style=&quot;margin-top: 0px; margin-bottom: 0px; padding: 0px; color: rgb(134, 134, 134); font-family: 微软雅黑, Verdana, Geneva, sans-serif; font-size: 14px; white-space: normal; background-color: rgb(255, 255, 255);&quot;&gt;&lt;span style=&quot;color:#868686;font-family:微软雅黑, Verdana, Geneva, sans-serif&quot;&gt;乘车路线：&lt;/span&gt;&lt;/p&gt;&lt;p style=&quot;margin-top: 0px; margin-bottom: 0px; padding: 0px; color: rgb(134, 134, 134); font-family: 微软雅黑, Verdana, Geneva, sans-serif; font-size: 14px; white-space: normal; background-color: rgb(255, 255, 255);&quot;&gt;&lt;span style=&quot;color:#868686;font-family:微软雅黑, Verdana, Geneva, sans-serif&quot;&gt;1、地铁2/4/13号到西直门A口乘坐375路，或D口出乘坐632路到文慧桥北下车，东南角枫蓝国际购物中心B座7层味多美 &amp;nbsp; &amp;nbsp; &amp;nbsp; &amp;nbsp; &amp;nbsp;&lt;/span&gt;&lt;/p&gt;&lt;p style=&quot;margin-top: 0px; margin-bottom: 0px; padding: 0px; color: rgb(134, 134, 134); font-family: 微软雅黑, Verdana, Geneva, sans-serif; font-size: 14px; white-space: normal; background-color: rgb(255, 255, 255);&quot;&gt;&lt;span style=&quot;color:#868686;font-family:微软雅黑, Verdana, Geneva, sans-serif&quot;&gt;2、公交604/375/693/80/84/387/21/632路到文慧桥北下车，东南角枫蓝国际购物中心B座7层味多美&lt;/span&gt;&lt;/p&gt;&lt;p style=&quot;margin-top: 0px; margin-bottom: 0px; padding: 0px; color: rgb(134, 134, 134); font-family: 微软雅黑, Verdana, Geneva, sans-serif; font-size: 14px; white-space: normal; background-color: rgb(255, 255, 255);&quot;&gt;&lt;span style=&quot;color:#868686;font-family:微软雅黑, Verdana, Geneva, sans-serif&quot;&gt;联系电话：010-82295178 人力资源部&lt;/span&gt;&lt;/p&gt;&lt;p style=&quot;margin-top: 0px; margin-bottom: 0px; padding: 0px; color: rgb(134, 134, 134); font-family: 微软雅黑, Verdana, Geneva, sans-serif; font-size: 14px; white-space: normal; background-color: rgb(255, 255, 255);&quot;&gt;&lt;span style=&quot;color:#868686;font-family:微软雅黑, Verdana, Geneva, sans-serif&quot;&gt;公司网址：http://www.wdmcake.cn&lt;/span&gt;&lt;/p&gt;&lt;p&gt;&lt;br/&gt;&lt;/p&gt;');
INSERT INTO `article` VALUES ('30', '设计经理', '&lt;p style=&quot;margin-top: 0px; margin-bottom: 0px; padding: 0px; color: rgb(134, 134, 134); font-family: 微软雅黑, Verdana, Geneva, sans-serif; font-size: 14px; white-space: normal; background-color: rgb(255, 255, 255);&quot;&gt;&lt;strong style=&quot;margin: 0px; padding: 0px; color: rgb(51, 51, 51);&quot;&gt;岗位职责&lt;/strong&gt;&lt;/p&gt;&lt;p style=&quot;margin-top: 0px; margin-bottom: 0px; padding: 0px; color: rgb(134, 134, 134); font-family: 微软雅黑, Verdana, Geneva, sans-serif; font-size: 14px; white-space: normal; background-color: rgb(255, 255, 255);&quot;&gt;&lt;span style=&quot;margin: 0px; padding: 0px;&quot;&gt;1、&lt;/span&gt;&lt;span style=&quot;color:#868686;font-family:微软雅黑, Verdana, Geneva, sans-serif&quot;&gt;公司VI及公司媒体的整体设计及广告设计；&lt;/span&gt;&lt;/p&gt;&lt;p style=&quot;margin-top: 0px; margin-bottom: 0px; padding: 0px; color: rgb(134, 134, 134); font-family: 微软雅黑, Verdana, Geneva, sans-serif; font-size: 14px; white-space: normal; background-color: rgb(255, 255, 255);&quot;&gt;&lt;span style=&quot;color:#868686;font-family:微软雅黑, Verdana, Geneva, sans-serif&quot;&gt;2、品牌与包装的创意与设计；&lt;/span&gt;&lt;/p&gt;&lt;p style=&quot;margin-top: 0px; margin-bottom: 0px; padding: 0px; color: rgb(134, 134, 134); font-family: 微软雅黑, Verdana, Geneva, sans-serif; font-size: 14px; white-space: normal; background-color: rgb(255, 255, 255);&quot;&gt;&lt;span style=&quot;color:#868686;font-family:微软雅黑, Verdana, Geneva, sans-serif&quot;&gt;3、公司市场活动宣传品的创意与设计；&lt;/span&gt;&lt;/p&gt;&lt;p style=&quot;margin-top: 0px; margin-bottom: 0px; padding: 0px; color: rgb(134, 134, 134); font-family: 微软雅黑, Verdana, Geneva, sans-serif; font-size: 14px; white-space: normal; background-color: rgb(255, 255, 255);&quot;&gt;&lt;span style=&quot;color:#868686;font-family:微软雅黑, Verdana, Geneva, sans-serif&quot;&gt;4、协助网页多媒体策划人员对公司网站多媒体微信微博风格的把握，&lt;/span&gt;&lt;/p&gt;&lt;p style=&quot;margin-top: 0px; margin-bottom: 0px; padding: 0px; color: rgb(134, 134, 134); font-family: 微软雅黑, Verdana, Geneva, sans-serif; font-size: 14px; white-space: normal; background-color: rgb(255, 255, 255);&quot;&gt;&lt;span style=&quot;color:#868686;font-family:微软雅黑, Verdana, Geneva, sans-serif&quot;&gt;5、在总监的指导下，收集整理创意参考资料和图片资料，提出创意构想，草拟创作表现稿，达成创意目标；&lt;/span&gt;&lt;/p&gt;&lt;p style=&quot;margin-top: 0px; margin-bottom: 0px; padding: 0px; color: rgb(134, 134, 134); font-family: 微软雅黑, Verdana, Geneva, sans-serif; font-size: 14px; white-space: normal; background-color: rgb(255, 255, 255);&quot;&gt;&lt;span style=&quot;color:#868686;font-family:微软雅黑, Verdana, Geneva, sans-serif&quot;&gt;6、参与创意讨论，与各部门商讨市场策略方向及创意的认同，清晰策略方向；&lt;/span&gt;&lt;/p&gt;&lt;p style=&quot;margin-top: 0px; margin-bottom: 0px; padding: 0px; color: rgb(134, 134, 134); font-family: 微软雅黑, Verdana, Geneva, sans-serif; font-size: 14px; white-space: normal; background-color: rgb(255, 255, 255);&quot;&gt;&lt;span style=&quot;color:#868686;font-family:微软雅黑, Verdana, Geneva, sans-serif&quot;&gt;7、对设计人员的正稿及成品的制作方法、思路、步骤、规则给予指示、建议、引导；&lt;/span&gt;&lt;/p&gt;&lt;p style=&quot;margin-top: 0px; margin-bottom: 0px; padding: 0px; color: rgb(134, 134, 134); font-family: 微软雅黑, Verdana, Geneva, sans-serif; font-size: 14px; white-space: normal; background-color: rgb(255, 255, 255);&quot;&gt;&lt;span style=&quot;color:#868686;font-family:微软雅黑, Verdana, Geneva, sans-serif&quot;&gt;8、陈列效果布置，效果图制作。&lt;/span&gt;&lt;/p&gt;&lt;p&gt;&amp;nbsp;&lt;/p&gt;&lt;p&gt;&lt;span style=&quot;font-family: 微软雅黑, &amp;quot;Microsoft YaHei&amp;quot;; font-size: 14px;&quot;&gt;&lt;strong style=&quot;margin: 0px; padding: 0px; color: rgb(51, 51, 51);&quot;&gt;任职资格&lt;/strong&gt;&lt;/span&gt;&lt;/p&gt;&lt;p&gt;&lt;span style=&quot;font-family: 微软雅黑, &amp;quot;Microsoft YaHei&amp;quot;; font-size: 14px;color: rgb(134, 134, 134);&quot;&gt;1、年龄要求：28以上&lt;/span&gt;&lt;/p&gt;&lt;p&gt;&lt;span style=&quot;font-family: 微软雅黑, &amp;quot;Microsoft YaHei&amp;quot;; font-size: 14px;color: rgb(134, 134, 134);&quot;&gt;2、性别要求：不限&lt;/span&gt;&lt;/p&gt;&lt;p&gt;&lt;span style=&quot;font-family: 微软雅黑, &amp;quot;Microsoft YaHei&amp;quot;; font-size: 14px;color: rgb(134, 134, 134);&quot;&gt;3、学历要求：不限&lt;/span&gt;&lt;/p&gt;&lt;p&gt;&lt;span style=&quot;font-family: 微软雅黑, &amp;quot;Microsoft YaHei&amp;quot;; font-size: 14px;color: rgb(134, 134, 134);&quot;&gt;4、专业要求:美术或设计相关专业&lt;/span&gt;&lt;/p&gt;&lt;p&gt;&lt;span style=&quot;font-family: 微软雅黑, &amp;quot;Microsoft YaHei&amp;quot;; font-size: 14px;color: rgb(134, 134, 134);&quot;&gt;5、经验要求：三年以上设计或广告公司经验&lt;/span&gt;&lt;/p&gt;&lt;p&gt;&lt;span style=&quot;font-family: 微软雅黑, &amp;quot;Microsoft YaHei&amp;quot;; font-size: 14px;color: rgb(134, 134, 134);&quot;&gt;6、技能要求：能熟练使用Photoshop、Illustrator等绘图软件(有专业摄影经验者优先)&lt;/span&gt;&lt;/p&gt;&lt;p&gt;&lt;span style=&quot;font-family: 微软雅黑, &amp;quot;Microsoft YaHei&amp;quot;; font-size: 14px;color: rgb(134, 134, 134);&quot;&gt;7、其他要求：创意、协调力强、计划性强。&lt;/span&gt;&lt;/p&gt;&lt;p&gt;&lt;span style=&quot;font-family: 微软雅黑, &amp;quot;Microsoft YaHei&amp;quot;; font-size: 14px;&quot;&gt;&amp;nbsp;&lt;/span&gt;&lt;/p&gt;&lt;p&gt;&lt;span style=&quot;font-family: 微软雅黑, &amp;quot;Microsoft YaHei&amp;quot;; font-size: 14px;&quot;&gt;&lt;strong style=&quot;margin: 0px; padding: 0px; color: rgb(51, 51, 51);&quot;&gt;联系方式&lt;/strong&gt;&lt;/span&gt;&lt;/p&gt;&lt;p style=&quot;margin-top: 0px; margin-bottom: 0px; padding: 0px; color: rgb(134, 134, 134); font-family: 微软雅黑, Verdana, Geneva, sans-serif; font-size: 14px; white-space: normal; background-color: rgb(255, 255, 255);&quot;&gt;&lt;span style=&quot;color:#868686;font-family:微软雅黑, Verdana, Geneva, sans-serif&quot;&gt;企业地址：北京市海淀区西直门北大街32号枫蓝国际B座7层&lt;/span&gt;&lt;/p&gt;&lt;p style=&quot;margin-top: 0px; margin-bottom: 0px; padding: 0px; color: rgb(134, 134, 134); font-family: 微软雅黑, Verdana, Geneva, sans-serif; font-size: 14px; white-space: normal; background-color: rgb(255, 255, 255);&quot;&gt;&lt;span style=&quot;color:#868686;font-family:微软雅黑, Verdana, Geneva, sans-serif&quot;&gt;乘车路线：&lt;/span&gt;&lt;/p&gt;&lt;p style=&quot;margin-top: 0px; margin-bottom: 0px; padding: 0px; color: rgb(134, 134, 134); font-family: 微软雅黑, Verdana, Geneva, sans-serif; font-size: 14px; white-space: normal; background-color: rgb(255, 255, 255);&quot;&gt;&lt;span style=&quot;color:#868686;font-family:微软雅黑, Verdana, Geneva, sans-serif&quot;&gt;1、地铁2/4/13号到西直门A口乘坐375路，或D口出乘坐632路到文慧桥北下车，东南角枫蓝国际购物中心B座7层味多美 &amp;nbsp; &amp;nbsp; &amp;nbsp; &amp;nbsp; &amp;nbsp;&lt;/span&gt;&lt;/p&gt;&lt;p style=&quot;margin-top: 0px; margin-bottom: 0px; padding: 0px; color: rgb(134, 134, 134); font-family: 微软雅黑, Verdana, Geneva, sans-serif; font-size: 14px; white-space: normal; background-color: rgb(255, 255, 255);&quot;&gt;&lt;span style=&quot;color:#868686;font-family:微软雅黑, Verdana, Geneva, sans-serif&quot;&gt;2、公交604/375/693/80/84/387/21/632路到文慧桥北下车，东南角枫蓝国际购物中心B座7层味多美&lt;/span&gt;&lt;/p&gt;&lt;p style=&quot;margin-top: 0px; margin-bottom: 0px; padding: 0px; color: rgb(134, 134, 134); font-family: 微软雅黑, Verdana, Geneva, sans-serif; font-size: 14px; white-space: normal; background-color: rgb(255, 255, 255);&quot;&gt;&lt;span style=&quot;color:#868686;font-family:微软雅黑, Verdana, Geneva, sans-serif&quot;&gt;联系电话：010-82295178 人力资源部&lt;/span&gt;&lt;/p&gt;&lt;p style=&quot;margin-top: 0px; margin-bottom: 0px; padding: 0px; color: rgb(134, 134, 134); font-family: 微软雅黑, Verdana, Geneva, sans-serif; font-size: 14px; white-space: normal; background-color: rgb(255, 255, 255);&quot;&gt;&lt;span style=&quot;color:#868686;font-family:微软雅黑, Verdana, Geneva, sans-serif&quot;&gt;公司网址：http://www.wdmcake.cn&lt;/span&gt;&lt;/p&gt;&lt;p&gt;&lt;br/&gt;&lt;/p&gt;');
INSERT INTO `article` VALUES ('31', '运营主管（O2O配送方向）', '&lt;p style=&quot;margin-top: 0px; margin-bottom: 0px; padding: 0px; color: rgb(134, 134, 134); font-family: 微软雅黑, Verdana, Geneva, sans-serif; font-size: 14px; white-space: normal; background-color: rgb(255, 255, 255);&quot;&gt;&lt;strong style=&quot;margin: 0px; padding: 0px; color: rgb(51, 51, 51);&quot;&gt;岗位职责&lt;/strong&gt;&lt;/p&gt;&lt;p style=&quot;margin-top: 0px; margin-bottom: 0px; padding: 0px; color: rgb(134, 134, 134); font-family: 微软雅黑, Verdana, Geneva, sans-serif; font-size: 14px; white-space: normal; background-color: rgb(255, 255, 255);&quot;&gt;&lt;span style=&quot;margin: 0px; padding: 0px;&quot;&gt;1、&lt;/span&gt;&lt;span style=&quot;color:#868686;font-family:微软雅黑, Verdana, Geneva, sans-serif&quot;&gt;负责公司自有O2O配送业务体系规划，业务运营管理及团队管理，包括流程、制度、操作手册与指标等；&lt;/span&gt;&lt;/p&gt;&lt;p style=&quot;margin-top: 0px; margin-bottom: 0px; padding: 0px; color: rgb(134, 134, 134); font-family: 微软雅黑, Verdana, Geneva, sans-serif; font-size: 14px; white-space: normal; background-color: rgb(255, 255, 255);&quot;&gt;&lt;span style=&quot;color:#868686;font-family:微软雅黑, Verdana, Geneva, sans-serif&quot;&gt;2、负责第三方合作配送公司业务管理，监控订单配送状态、监督配送受限、服务质量、操作指标等；&lt;/span&gt;&lt;/p&gt;&lt;p style=&quot;margin-top: 0px; margin-bottom: 0px; padding: 0px; color: rgb(134, 134, 134); font-family: 微软雅黑, Verdana, Geneva, sans-serif; font-size: 14px; white-space: normal; background-color: rgb(255, 255, 255);&quot;&gt;&lt;span style=&quot;color:#868686;font-family:微软雅黑, Verdana, Geneva, sans-serif&quot;&gt;3、负责处理配送过程中的各类问题及纠纷&lt;/span&gt;&lt;/p&gt;&lt;p style=&quot;margin-top: 0px; margin-bottom: 0px; padding: 0px; color: rgb(134, 134, 134); font-family: 微软雅黑, Verdana, Geneva, sans-serif; font-size: 14px; white-space: normal; background-color: rgb(255, 255, 255);&quot;&gt;&lt;span style=&quot;color:#868686;font-family:微软雅黑, Verdana, Geneva, sans-serif&quot;&gt;4、结合实际业务情况，负责配送系统的规划和需求改进；&lt;/span&gt;&lt;/p&gt;&lt;p style=&quot;margin-top: 0px; margin-bottom: 0px; padding: 0px; color: rgb(134, 134, 134); font-family: 微软雅黑, Verdana, Geneva, sans-serif; font-size: 14px; white-space: normal; background-color: rgb(255, 255, 255);&quot;&gt;&lt;span style=&quot;color:#868686;font-family:微软雅黑, Verdana, Geneva, sans-serif&quot;&gt;5、与相关业务部门高度配合并完成上级领导交办的其他工作。&lt;/span&gt;&lt;/p&gt;&lt;p&gt;&amp;nbsp;&lt;/p&gt;&lt;p&gt;&lt;span style=&quot;font-family: 微软雅黑, &amp;quot;Microsoft YaHei&amp;quot;; font-size: 14px;&quot;&gt;&lt;strong style=&quot;margin: 0px; padding: 0px; color: rgb(51, 51, 51);&quot;&gt;任职资格&lt;/strong&gt;&lt;/span&gt;&lt;/p&gt;&lt;p&gt;&lt;span style=&quot;color: rgb(134, 134, 134); font-family: 微软雅黑, &amp;quot;Microsoft YaHei&amp;quot;; font-size: 14px;&quot;&gt;5年以上工作经验，2年以上配送、物流相关工作经验，有百度、饿了么、美团等外卖O2O配送管理经验优先考虑。&lt;/span&gt;&lt;/p&gt;&lt;p&gt;&lt;span style=&quot;font-family: 微软雅黑, &amp;quot;Microsoft YaHei&amp;quot;; font-size: 14px;&quot;&gt;&amp;nbsp;&lt;/span&gt;&lt;/p&gt;&lt;p&gt;&lt;span style=&quot;font-family: 微软雅黑, &amp;quot;Microsoft YaHei&amp;quot;; font-size: 14px;&quot;&gt;&lt;strong style=&quot;margin: 0px; padding: 0px; color: rgb(51, 51, 51);&quot;&gt;联系方式&lt;/strong&gt;&lt;/span&gt;&lt;/p&gt;&lt;p style=&quot;margin-top: 0px; margin-bottom: 0px; padding: 0px; color: rgb(134, 134, 134); font-family: 微软雅黑, Verdana, Geneva, sans-serif; font-size: 14px; white-space: normal; background-color: rgb(255, 255, 255);&quot;&gt;&lt;span style=&quot;color:#868686;font-family:微软雅黑, Verdana, Geneva, sans-serif&quot;&gt;企业地址：北京市海淀区西直门北大街32号枫蓝国际B座7层&lt;/span&gt;&lt;/p&gt;&lt;p style=&quot;margin-top: 0px; margin-bottom: 0px; padding: 0px; color: rgb(134, 134, 134); font-family: 微软雅黑, Verdana, Geneva, sans-serif; font-size: 14px; white-space: normal; background-color: rgb(255, 255, 255);&quot;&gt;&lt;span style=&quot;color:#868686;font-family:微软雅黑, Verdana, Geneva, sans-serif&quot;&gt;乘车路线：&lt;/span&gt;&lt;/p&gt;&lt;p style=&quot;margin-top: 0px; margin-bottom: 0px; padding: 0px; color: rgb(134, 134, 134); font-family: 微软雅黑, Verdana, Geneva, sans-serif; font-size: 14px; white-space: normal; background-color: rgb(255, 255, 255);&quot;&gt;&lt;span style=&quot;color:#868686;font-family:微软雅黑, Verdana, Geneva, sans-serif&quot;&gt;1、地铁2/4/13号到西直门A口乘坐375路，或D口出乘坐632路到文慧桥北下车，东南角枫蓝国际购物中心B座7层味多美 &amp;nbsp; &amp;nbsp; &amp;nbsp; &amp;nbsp; &amp;nbsp;&lt;/span&gt;&lt;/p&gt;&lt;p style=&quot;margin-top: 0px; margin-bottom: 0px; padding: 0px; color: rgb(134, 134, 134); font-family: 微软雅黑, Verdana, Geneva, sans-serif; font-size: 14px; white-space: normal; background-color: rgb(255, 255, 255);&quot;&gt;&lt;span style=&quot;color:#868686;font-family:微软雅黑, Verdana, Geneva, sans-serif&quot;&gt;2、公交604/375/693/80/84/387/21/632路到文慧桥北下车，东南角枫蓝国际购物中心B座7层味多美&lt;/span&gt;&lt;/p&gt;&lt;p style=&quot;margin-top: 0px; margin-bottom: 0px; padding: 0px; color: rgb(134, 134, 134); font-family: 微软雅黑, Verdana, Geneva, sans-serif; font-size: 14px; white-space: normal; background-color: rgb(255, 255, 255);&quot;&gt;&lt;span style=&quot;color:#868686;font-family:微软雅黑, Verdana, Geneva, sans-serif&quot;&gt;联系电话：010-82295178 人力资源部&lt;/span&gt;&lt;/p&gt;&lt;p style=&quot;margin-top: 0px; margin-bottom: 0px; padding: 0px; color: rgb(134, 134, 134); font-family: 微软雅黑, Verdana, Geneva, sans-serif; font-size: 14px; white-space: normal; background-color: rgb(255, 255, 255);&quot;&gt;&lt;span style=&quot;color:#868686;font-family:微软雅黑, Verdana, Geneva, sans-serif&quot;&gt;公司网址：http://www.wdmcake.cn&lt;/span&gt;&lt;/p&gt;&lt;p&gt;&lt;br/&gt;&lt;/p&gt;');

-- ----------------------------
-- Table structure for company
-- ----------------------------
DROP TABLE IF EXISTS `company`;
CREATE TABLE `company` (
  `id` int(11) NOT NULL AUTO_INCREMENT,
  `company_name` varchar(30) DEFAULT NULL,
  `company_src` varchar(100) DEFAULT NULL,
  `detail_src` varchar(100) DEFAULT NULL,
  `people_num` int(11) DEFAULT NULL,
  `people_name` varchar(20) DEFAULT NULL,
  `people_phone` int(15) DEFAULT NULL,
  `company_phone` varchar(20) DEFAULT NULL,
  `call_content` varchar(1000) DEFAULT NULL,
  `time` varchar(50) DEFAULT NULL,
  PRIMARY KEY (`id`) USING BTREE
) ENGINE=MyISAM AUTO_INCREMENT=7 DEFAULT CHARSET=gbk ROW_FORMAT=DYNAMIC;

-- ----------------------------
-- Records of company
-- ----------------------------
INSERT INTO `company` VALUES ('1', '11', '111', '11', '11', '11', '2147483647', '11', '11', '1507685666');
INSERT INTO `company` VALUES ('2', '11', '1111', '11', '11', '11', '2147483647', '11', '11', '1507686281');
INSERT INTO `company` VALUES ('3', '112', '1111', '11', '11', '11', '2147483647', '11', '11', '1507686368');
INSERT INTO `company` VALUES ('4', '112', '1111', '112', '11', '11', '2147483647', '11', '11', '1507686397');
INSERT INTO `company` VALUES ('5', '1123', '1111', '1', '111', '1', '2147483647', '11', '', '1507686487');
INSERT INTO `company` VALUES ('6', '11', '1256', '11', '11', '11', '2147483647', '11', '11', '1507866335');

-- ----------------------------
-- Table structure for getgood_message
-- ----------------------------
DROP TABLE IF EXISTS `getgood_message`;
CREATE TABLE `getgood_message` (
  `id` int(11) NOT NULL AUTO_INCREMENT,
  `uid` int(11) DEFAULT NULL,
  `address` varchar(50) DEFAULT NULL,
  `address_detail` varchar(100) DEFAULT NULL,
  `get_person` varchar(20) DEFAULT NULL,
  `get_call` bigint(20) DEFAULT NULL,
  `pay_person` varchar(20) DEFAULT NULL,
  `pay_call` bigint(20) DEFAULT NULL,
  `is_alway` int(11) DEFAULT NULL,
  PRIMARY KEY (`id`) USING BTREE
) ENGINE=MyISAM AUTO_INCREMENT=52 DEFAULT CHARSET=gbk ROW_FORMAT=DYNAMIC;

-- ----------------------------
-- Records of getgood_message
-- ----------------------------
INSERT INTO `getgood_message` VALUES ('11', '11', '11', null, '111', '13456248659', '111', '13569587642', '0');
INSERT INTO `getgood_message` VALUES ('47', '1', '1,2,3,5', 'sdd', '564', '13426542638', '454456', '13426542634', '0');
INSERT INTO `getgood_message` VALUES ('48', '1', '1,2,3,4', '', '撒地方', '13456215465', '', '0', '0');
INSERT INTO `getgood_message` VALUES ('51', '39', '1,2,5,6', '', '023', '13631784922', '023', '13631784922', '0');

-- ----------------------------
-- Table structure for goods_category
-- ----------------------------
DROP TABLE IF EXISTS `goods_category`;
CREATE TABLE `goods_category` (
  `id` int(10) NOT NULL AUTO_INCREMENT,
  `pid` int(20) NOT NULL COMMENT '父分类id',
  `name` varchar(20) COLLATE utf8mb4_unicode_ci NOT NULL COMMENT '分类名称',
  `time` varchar(20) COLLATE utf8mb4_unicode_ci NOT NULL,
  `img` varchar(100) COLLATE utf8mb4_unicode_ci NOT NULL,
  `content` text CHARACTER SET utf8 COLLATE utf8_unicode_ci NOT NULL,
  PRIMARY KEY (`id`)
) ENGINE=MyISAM AUTO_INCREMENT=18 DEFAULT CHARSET=utf8mb4 COLLATE=utf8mb4_unicode_ci;

-- ----------------------------
-- Records of goods_category
-- ----------------------------
INSERT INTO `goods_category` VALUES ('1', '0', '蛋糕', '', '', '为保证您能及时收到订单商品，天然奶油蛋糕30cm（含）以下规格需要您至少提前4小时预订，30cm以上规格及大型庆典蛋糕，需要您提前两天16：00前预订，慕斯蛋糕、乳酪蛋糕、巧克力风味蛋糕及糖醇坯蛋糕，需要您提前一天16:00前预订，特殊款蛋糕预订时间以商品页面提示为准。# 味多美官网及微信端可24小时自助在线订购，当您操作不便时，您可以拨打我们的客服电话，将您想购买的商品名称、规格、数量、详细配送地址、配送时间、收货人及要求等告诉我们的客服人员，客服人员会帮您完成商品订购。客服热线电话：4001-170-170（服务时间08:00-21:00）#目前支持在线支付宝、网银及微信支付，货到现金付款、门店现金/银联/味多美充值卡等付款方式。#配送范围及费用：北京市五环内，订购蛋糕满188元/西点满268元免费配送，订单商品金额低于蛋糕188元/西点268元，需收取10元/单配送费；北京市五环外六环内，以五环为起点收取6元/公里配送费，具体以下单后客服确认的实际费用为准；通州区、亦庄开发区、大兴区政府、石景山区、昌平区政府、天通苑地区、朝阳区北苑、上地地区、清河地区、回龙观地区离店4公里范围内免费配送，离店4公里以上，从五环起收取6元/公里配送费；远郊区、县（房山、延庆、怀柔、密云、平谷及六环外）暂不支持配送；春节期间初一至初六暂停配送服务。# 使用味多美充值卡及其他福利卡，订购蛋糕满188元且直径40cm以下/西点满268元且2000元以下，北京市五环内收取20元配送费；大型蛋糕（直径40cm以上或多层）/西点满2000元，五环内收取30元配送费。五环外六环内以五环为起点另加收6元/公里配送费。#配送时间：免费配送区域10:00-20:00，五环-六环收费配送区域11:00-19:00。# 蛋糕价格变动以官网及门店价格为准，部分产品采用应季水果点缀，会随季节的变化有所调整，产品以实物为准。由于供货原因全球选购的原料产地会有所变化。# 味多美官网代金券仅支持在线支付时（支付宝支付、网银支付、微信支付）使用。#味多美可提供蛋糕、粽子、月饼提货卡等产品的企事业单位团体订购及企业福利外包服务，期待与广大合作伙伴开放合作。 咨询热线：4001-170-170转2或5（北京），021-52277820（上海）');
INSERT INTO `goods_category` VALUES ('2', '1', '天然奶油蛋糕', '', '', '');
INSERT INTO `goods_category` VALUES ('3', '1', '法式蛋糕', '', '', '');
INSERT INTO `goods_category` VALUES ('11', '1', '乳酪蛋糕', '', '', '');
INSERT INTO `goods_category` VALUES ('5', '1', '慕斯蛋糕', '', '', '');
INSERT INTO `goods_category` VALUES ('6', '1', '巧克力风味蛋糕', '', '', '');
INSERT INTO `goods_category` VALUES ('7', '1', '大型庆典蛋糕', '', '', '');
INSERT INTO `goods_category` VALUES ('12', '0', '提货卡券', '', '', '味多美提货卡为实体卡，登录网站下单并在线支付成功后可到“会员中心”里的“我的订单”点击“订单号”查看卡号及密码，同时卡号及密码还会以短信形式发送到订货人手机上。凭卡号及密码到味多美北京任意门店兑换等额实体卡后，即可持卡消费；#凡购买5张以上提货卡者，请先拨打兑换门店电话预约，以确保门店有充足的卡量；【门店电话查询】#提货卡自购买之日起有效期为三年（到期卡内有余额可延期）；#提货卡不记名、不挂失，只限在北京味多美连锁店使用；#提货卡不兑换现金，不可转售，只限提取味多美的自产产品；#持提货卡卡消费要求配送者，需在门店刷卡后方可配送（配送费另收）；#提货卡独立使用，不参与其他优惠或活动；#提货卡在订购时开具发票，刷卡提货时不再开具发票；#提货卡余额及有效期自动语音查询电话：010-64090969。#咨询热线：4001-170-170转2或5（北京）');
INSERT INTO `goods_category` VALUES ('13', '0', '全国配送', '', '', '');
INSERT INTO `goods_category` VALUES ('15', '0', '积分还礼', '', '', '积分换购商品均为虚拟卡券，换购成功后，卡券号码会以短信形式发送到订货人手机上，同时可到“会员中心”-“我的订单”处查看#味多美门店实物兑换券仅限在味多美北京地区任意门店使用，购买指定产品时可抵用等额现金,一次性使用；#兑换券不记名、不挂失、不设找零，不得提现，不得重复使用；#兑换券10张以内，支持累加使用，10张以上，不支持累加使用；#兑换券独立使用，不参与其他优惠或活动，不能兑换其他产品；#使用过程中如有任何疑问，拨打客服热线4001-170-170咨询；\r\n');
INSERT INTO `goods_category` VALUES ('16', '0', '附件', '', '', '为保证您能及时收到订单商品，天然奶油蛋糕30cm（含）以下规格需要您至少提前4小时预订，30cm以上规格及大型庆典蛋糕，需要您提前两天16：00前预订，慕斯蛋糕、乳酪蛋糕、巧克力风味蛋糕及糖醇坯蛋糕，需要您提前一天16:00前预订，特殊款蛋糕预订时间以商品页面提示为准。# 味多美官网及微信端可24小时自助在线订购，当您操作不便时，您可以拨打我们的客服电话，将您想购买的商品名称、规格、数量、详细配送地址、配送时间、收货人及要求等告诉我们的客服人员，客服人员会帮您完成商品订购。客服热线电话：4001-170-170（服务时间08:00-21:00）#目前支持在线支付宝、网银及微信支付，货到现金付款、门店现金/银联/味多美充值卡等付款方式。#配送范围及费用：北京市五环内，订购蛋糕满188元/西点满268元免费配送，订单商品金额低于蛋糕188元/西点268元，需收取10元/单配送费；北京市五环外六环内，以五环为起点收取6元/公里配送费，具体以下单后客服确认的实际费用为准；通州区、亦庄开发区、大兴区政府、石景山区、昌平区政府、天通苑地区、朝阳区北苑、上地地区、清河地区、回龙观地区离店4公里范围内免费配送，离店4公里以上，从五环起收取6元/公里配送费；远郊区、县（房山、延庆、怀柔、密云、平谷及六环外）暂不支持配送；春节期间初一至初六暂停配送服务。# 使用味多美充值卡及其他福利卡，订购蛋糕满188元且直径40cm以下/西点满268元且2000元以下，北京市五环内收取20元配送费；大型蛋糕（直径40cm以上或多层）/西点满2000元，五环内收取30元配送费。五环外六环内以五环为起点另加收6元/公里配送费。#配送时间：免费配送区域10:00-20:00，五环-六环收费配送区域11:00-19:00。# 蛋糕价格变动以官网及门店价格为准，部分产品采用应季水果点缀，会随季节的变化有所调整，产品以实物为准。由于供货原因全球选购的原料产地会有所变化。# 味多美官网代金券仅支持在线支付时（支付宝支付、网银支付、微信支付）使用。#味多美可提供蛋糕、粽子、月饼提货卡等产品的企事业单位团体订购及企业福利外包服务，期待与广大合作伙伴开放合作。 咨询热线：4001-170-170转2或5（北京），021-52277820（上海）');

-- ----------------------------
-- Table structure for goods_list
-- ----------------------------
DROP TABLE IF EXISTS `goods_list`;
CREATE TABLE `goods_list` (
  `id` int(10) NOT NULL AUTO_INCREMENT COMMENT 'id',
  `cid` varchar(50) COLLATE utf8_unicode_ci NOT NULL COMMENT '商品分类id',
  `name` varchar(50) COLLATE utf8_unicode_ci NOT NULL COMMENT '商品名称',
  `img` varchar(2048) COLLATE utf8_unicode_ci NOT NULL COMMENT '商品图片',
  `depict` varchar(2048) COLLATE utf8_unicode_ci NOT NULL COMMENT '商品描述',
  `summary` varchar(2048) COLLATE utf8_unicode_ci NOT NULL COMMENT '商品提示',
  `price` decimal(10,0) NOT NULL COMMENT '价格',
  `pcs` varchar(50) COLLATE utf8_unicode_ci NOT NULL COMMENT '单位',
  `likenum` int(50) NOT NULL COMMENT '喜欢的人数',
  `cnt` text COLLATE utf8_unicode_ci NOT NULL,
  `nums` int(10) NOT NULL,
  `prototype` varchar(2048) COLLATE utf8_unicode_ci NOT NULL,
  `remarks` varchar(50) COLLATE utf8_unicode_ci NOT NULL,
  `type` int(10) NOT NULL,
  `sizeimg` varchar(255) COLLATE utf8_unicode_ci NOT NULL COMMENT '尺寸图',
  `pcssum` varchar(100) COLLATE utf8_unicode_ci NOT NULL,
  `pricesum` varchar(100) COLLATE utf8_unicode_ci NOT NULL,
  PRIMARY KEY (`id`)
) ENGINE=MyISAM AUTO_INCREMENT=51 DEFAULT CHARSET=utf8 COLLATE=utf8_unicode_ci;

-- ----------------------------
-- Records of goods_list
-- ----------------------------
INSERT INTO `goods_list` VALUES ('1', '2', '经典100%蛋糕 Classical Natural Cream', '&lt;img src=&quot;/wmdCake/home/upload/20171017/1508222874181206.jpg&quot;/&gt;&lt;img src=&quot;/wmdCake/home/upload/20171017/1508222880403207.jpg&quot;/&gt;&lt;img src=&quot;/wmdCake/home/upload/20171017/1508222885713940.jpg&quot;/&gt;&lt;img src=&quot;/wmdCake/home/upload/20171017/1508222893544136.jpg&quot;/&gt;', '/100%使用进口天然稀奶油；奶油丰富，简约时尚，享受经典原味。/', '', '198', 'Φ20cm', '108', '&lt;p&gt;&lt;img src=&quot;/wmdCake/home/upload/20171017/1508222998139771.jpg&quot; title=&quot;1508222998139771.jpg&quot; alt=&quot;871(1).jpg&quot;/&gt;&lt;img src=&quot;/wmdCake/home/upload/20171017/1508223012135253.jpg&quot; title=&quot;1508223012135253.jpg&quot; alt=&quot;873(1).jpg&quot;/&gt;&lt;img src=&quot;/wmdCake/home/upload/20171017/1508223020441893.jpg&quot; title=&quot;1508223020441893.jpg&quot; alt=&quot;870(1).jpg&quot;/&gt;&lt;/p&gt;', '0', 'a:4:{s:12:\"适合人群\";s:66:\"各类人群（建议婴幼儿、老人、病患者谨慎食用）\";s:12:\"蛋糕类别\";s:18:\"天然奶油蛋糕\";s:12:\"保存条件\";s:40:\"0-7℃冷藏2天（建议当天食用）\";s:12:\"特色原料\";s:40:\"100%使用法国或英国天然稀奶油\";}', '', '0', '&lt;img src=&quot;/wmdCake/home/upload/20171017/1508222910296532.jpg&quot;/&gt;', 'Φ15cm/Φ20cm/Φ25cm/Φ30cm', '158/198/268/378');
INSERT INTO `goods_list` VALUES ('2', '2', '俏皮萌宝蛋糕 Cute Bears', '&lt;img src=&quot;/wmdCake/home/upload/20171017/1508223664120273.jpg&quot;/&gt;&lt;img src=&quot;/wmdCake/home/upload/20171017/1508223671114120.jpg&quot;/&gt;&lt;img src=&quot;/wmdCake/home/upload/20171017/1508223678509238.jpg&quot;/&gt;&lt;img src=&quot;/wmdCake/home/upload/20171017/1508223684123690.jpg&quot;/&gt;', '/100%使用进口天然稀奶油，俏皮童趣造型，熊孩子的留恋款。 /', '', '208', 'Φ20cm', '97', '', '0', 'a:4:{s:12:\"适合人群\";s:66:\"各类人群（建议婴幼儿、老人、病患者谨慎食用）\";s:12:\"蛋糕类别\";s:18:\"天然奶油蛋糕\";s:12:\"保存条件\";s:40:\"0-7℃冷藏2天（建议当天食用）\";s:12:\"特色原料\";s:40:\"100%使用法国或英国天然稀奶油\";}', '', '0', '&lt;img src=&quot;/wmdCake/home/upload/20171017/1508223530118079.jpg&quot;/&gt;', 'Φ15cm/Φ20cm/Φ25cm/Φ30cm', '168/208/288/398');
INSERT INTO `goods_list` VALUES ('3', '2', '缤纷盛果蛋糕 Profusion Fruit', '&lt;img src=&quot;/wmdCake/home/upload/20171017/1508223849100216.jpg&quot;/&gt;&lt;img src=&quot;/wmdCake/home/upload/20171017/1508223854535616.jpg&quot;/&gt;&lt;img src=&quot;/wmdCake/home/upload/20171017/1508223859503514.jpg&quot;/&gt;&lt;img src=&quot;/wmdCake/home/upload/20171017/1508223865613934.jpg&quot;/&gt;', '/100%使用进口天然稀奶油；搭配丰富的水果。/', '', '208', 'Φ20cm', '11', '', '0', 'a:4:{s:12:\"适合人群\";s:66:\"各类人群（建议婴幼儿、老人、病患者谨慎食用）\";s:12:\"蛋糕类别\";s:18:\"天然奶油蛋糕\";s:12:\"保存条件\";s:40:\"0-7℃冷藏2天（建议当天食用）\";s:12:\"特色原料\";s:55:\"100%使用法国或英国天然稀奶油、南非黄桃\";}', '', '0', '&lt;img src=&quot;/wmdCake/home/upload/20171017/1508223893123591.jpg&quot;/&gt;', 'Φ15cm/Φ20cm/Φ25cm/Φ30cm', '168/208/288/398');
INSERT INTO `goods_list` VALUES ('4', '2', '华尔兹蛋糕 Waltz Almond', '&lt;img src=&quot;/wmdCake/home/upload/20171017/1508224017127812.jpg&quot;/&gt;&lt;img src=&quot;/wmdCake/home/upload/20171017/1508224022803661.jpg&quot;/&gt;&lt;img src=&quot;/wmdCake/home/upload/20171017/1508224028821476.jpg&quot;/&gt;&lt;img src=&quot;/wmdCake/home/upload/20171017/1508224033413105.jpg&quot;/&gt;', '/100%使用进口天然稀奶油；搭配美国扁桃仁片。/', '订购提示：Φ20cm规格可提前2小时预订（数量有限），其他规格请提前4小时预订。', '208', 'Φ20cm', '17', '&lt;p&gt;&lt;img src=&quot;/wmdCake/home/upload/20171017/1508224065138657.jpg&quot; title=&quot;1508224065138657.jpg&quot; alt=&quot;871(1).jpg&quot;/&gt;&lt;img src=&quot;/wmdCake/home/upload/20171017/1508224071733089.jpg&quot; title=&quot;1508224071733089.jpg&quot; alt=&quot;873(1).jpg&quot;/&gt;&lt;img src=&quot;/wmdCake/home/upload/20171017/1508224078285472.jpg&quot; title=&quot;1508224078285472.jpg&quot; alt=&quot;870(1).jpg&quot;/&gt;&lt;/p&gt;', '0', 'a:4:{s:12:\"适合人群\";s:66:\"各类人群（建议婴幼儿、老人、病患者谨慎食用）\";s:12:\"蛋糕类别\";s:18:\"天然奶油蛋糕\";s:12:\"保存条件\";s:40:\"0-7℃冷藏2天（建议当天食用）\";s:12:\"特色原料\";s:73:\"100%使用法国或英国天然稀奶油、美国扁桃仁、南非黄桃\";}', '', '0', '&lt;img src=&quot;/wmdCake/home/upload/20171017/1508223893123591.jpg&quot;/&gt;', 'Φ15cm/Φ20cm/Φ25cm/Φ30cm', '168/208/288/398');
INSERT INTO `goods_list` VALUES ('5', '2', '富贵天喜蛋糕 Riches&Honour', '&lt;img src=&quot;/wmdCake/home/upload/20171017/1508224210796518.jpg&quot;/&gt;&lt;img src=&quot;/wmdCake/home/upload/20171017/1508224233128794.jpg&quot;/&gt;&lt;img src=&quot;/wmdCake/home/upload/20171017/1508224239101447.jpg&quot;/&gt;&lt;img src=&quot;/wmdCake/home/upload/20171017/1508224245549989.jpg&quot;/&gt;', '/100%使用进口天然稀奶油；福寿绵延，祝寿好礼。/', '', '208', 'Φ20cm', '3', '', '0', 'a:4:{s:12:\"适合人群\";s:66:\"各类人群（建议婴幼儿、老人、病患者谨慎食用）\";s:12:\"蛋糕类别\";s:18:\"天然奶油蛋糕\";s:12:\"保存条件\";s:40:\"0-7℃冷藏2天（建议当天食用）\";s:12:\"特色原料\";s:40:\"100%使用法国或英国天然稀奶油\";}', '', '0', '&lt;img src=&quot;/wmdCake/home/upload/20171017/1508223893123591.jpg&quot;/&gt;', 'Φ15cm/Φ20cm/Φ25cm/Φ30cm', '168/208/288/398');
INSERT INTO `goods_list` VALUES ('6', '2', '白色恋人蛋糕 White Love', '&lt;img src=&quot;/wmdCake/home/upload/20171017/1508224417137026.jpg&quot;/&gt;&lt;img src=&quot;/wmdCake/home/upload/20171017/1508224422452737.jpg&quot;/&gt;&lt;img src=&quot;/wmdCake/home/upload/20171017/1508224427136320.jpg&quot;/&gt;&lt;img src=&quot;/wmdCake/home/upload/20171017/1508224433681150.jpg&quot;/&gt;', '/100%使用进口天然稀奶油；简洁的设计配上心形装饰，适合送给爱人。/', '', '158', 'Φ15cm', '3', '', '0', 'a:4:{s:12:\"适合人群\";s:66:\"各类人群（建议婴幼儿、老人、病患者谨慎食用）\";s:12:\"蛋糕类别\";s:18:\"天然奶油蛋糕\";s:12:\"保存条件\";s:40:\"0-7℃冷藏2天（建议当天食用）\";s:12:\"特色原料\";s:40:\"100%使用法国或英国天然稀奶油\";}', '', '0', '&lt;img src=&quot;/wmdCake/home/upload/20171017/1508223893123591.jpg&quot;/&gt;', 'Φ15cm/Φ20cm/Φ25cm/Φ30cm', '158/198/268/378');
INSERT INTO `goods_list` VALUES ('7', '2', '椰香森林蛋糕 Coconut & Macadamia Nut', '&lt;img src=&quot;/wmdCake/home/upload/20171017/1508224625382251.jpg&quot;/&gt;&lt;img src=&quot;/wmdCake/home/upload/20171017/1508224630140907.jpg&quot;/&gt;&lt;img src=&quot;/wmdCake/home/upload/20171017/1508224636606532.jpg&quot;/&gt;&lt;img src=&quot;/wmdCake/home/upload/20171017/1508224641546890.jpg&quot;/&gt;', '/特制椰香奶油，100%使用进口天然稀奶油，内藏糖烤夏威夷果仁，淡奶椰香浸满舌尖。/', '订购提示： Φ20cm规格可提前4小时预定，其他规格请您至少提前2天16:00前订购', '168', 'Φ15cm', '0', '', '0', 'a:4:{s:12:\"适合人群\";s:66:\"各类人群（建议婴幼儿、老人、病患者谨慎食用）\";s:12:\"蛋糕类别\";s:18:\"天然奶油蛋糕\";s:12:\"保存条件\";s:40:\"0-7℃冷藏2天（建议当天食用）\";s:12:\"特色原料\";s:40:\"100%使用法国或英国天然稀奶油\";}', '', '0', '&lt;img src=&quot;/wmdCake/home/upload/20171017/1508223893123591.jpg&quot;/&gt;', 'Φ15cm/Φ20cm/Φ25cm/Φ30cm', '168/208/288/398');
INSERT INTO `goods_list` VALUES ('8', '2', '福寿富贵蛋糕 Cherry&Crispearis', '&lt;img src=&quot;/wmdCake/home/upload/20171017/1508224846585705.jpg&quot;/&gt;&lt;img src=&quot;/wmdCake/home/upload/20171017/1508224853739501.jpg&quot;/&gt;&lt;img src=&quot;/wmdCake/home/upload/20171017/1508224858133325.jpg&quot;/&gt;&lt;img src=&quot;/wmdCake/home/upload/20171017/1508224864123780.jpg&quot;/&gt;', '/精致的小寿桃、美味的天然奶油，还有藏着里面的黑樱桃。奉上一款精致优雅的祝寿蛋糕./', '', '178', 'Φ15cm', '0', '', '0', 'a:4:{s:12:\"适合人群\";s:66:\"各类人群（建议婴幼儿、老人、病患者谨慎食用）\";s:12:\"蛋糕类别\";s:18:\"天然奶油蛋糕\";s:12:\"保存条件\";s:40:\"0-7℃冷藏2天（建议当天食用）\";s:12:\"特色原料\";s:40:\"100%使用法国或英国天然稀奶油\";}', '', '0', '&lt;img src=&quot;/wmdCake/home/upload/20171017/1508223893123591.jpg&quot;/&gt;', 'Φ15cm/Φ20cm/Φ25cm/Φ30cm', '178/228/298/418');
INSERT INTO `goods_list` VALUES ('9', '3', '经典100%蛋糕 Classical Natural Cream', '&lt;img src=&quot;/wmdCake/home/upload/20171017/1508225026229746.jpg&quot;/&gt;&lt;img src=&quot;/wmdCake/home/upload/20171017/1508225033108306.jpg&quot;/&gt;&lt;img src=&quot;/wmdCake/home/upload/20171017/1508225040393439.jpg&quot;/&gt;&lt;img src=&quot;/wmdCake/home/upload/20171017/1508225044909390.jpg&quot;/&gt;', '/100%使用进口天然稀奶油；奶油丰富，简约时尚，享受经典原味。/', '', '198', 'Φ20cm', '0', '&lt;p&gt;&lt;img src=&quot;/wmdCake/home/upload/20171017/1508225062752668.jpg&quot; title=&quot;1508225062752668.jpg&quot; alt=&quot;871(1).jpg&quot;/&gt;&lt;img src=&quot;/wmdCake/home/upload/20171017/1508225068116056.jpg&quot; title=&quot;1508225068116056.jpg&quot; alt=&quot;873(1).jpg&quot;/&gt;&lt;img src=&quot;/wmdCake/home/upload/20171017/1508225081128449.jpg&quot; title=&quot;1508225081128449.jpg&quot; alt=&quot;870(1).jpg&quot;/&gt;&lt;/p&gt;', '0', 'a:4:{s:12:\"适合人群\";s:66:\"各类人群（建议婴幼儿、老人、病患者谨慎食用）\";s:12:\"蛋糕类别\";s:18:\"天然奶油蛋糕\";s:12:\"保存条件\";s:40:\"0-7℃冷藏2天（建议当天食用）\";s:12:\"特色原料\";s:40:\"100%使用法国或英国天然稀奶油\";}', '', '0', '&lt;img src=&quot;/wmdCake/home/upload/20171017/1508223893123591.jpg&quot;/&gt;', 'Φ15cm/Φ20cm/Φ25cm/Φ30cm', '158/198/268/378');
INSERT INTO `goods_list` VALUES ('10', '3', '福寿富贵蛋糕 Cherry&Crispearis', '&lt;img src=&quot;/wmdCake/home/upload/20171017/1508225246136014.jpg&quot;/&gt;&lt;img src=&quot;/wmdCake/home/upload/20171017/1508225252117554.jpg&quot;/&gt;&lt;img src=&quot;/wmdCake/home/upload/20171017/1508225266959952.jpg&quot;/&gt;&lt;img src=&quot;/wmdCake/home/upload/20171017/1508225272136884.jpg&quot;/&gt;', '/精致的小寿桃、美味的天然奶油，还有藏着里面的黑樱桃。奉上一款精致优雅的祝寿蛋糕./', '', '178', 'Φ15cm', '1', '', '0', 'a:4:{s:12:\"蛋糕类别\";s:18:\"天然奶油蛋糕\";s:12:\"适合人群\";s:66:\"各类人群（建议婴幼儿、老人、病患者谨慎食用）\";s:12:\"保存条件\";s:40:\"0-7℃冷藏2天（建议当天食用）\";s:12:\"特色原料\";s:40:\"100%使用法国或英国天然稀奶油\";}', '', '0', '&lt;img src=&quot;/wmdCake/home/upload/20171017/1508223893123591.jpg&quot;/&gt;', 'Φ15cm/Φ20cm/Φ25cm/Φ30cm', '178/228/298/418');
INSERT INTO `goods_list` VALUES ('11', '3', '椰香森林蛋糕 Coconut & Macadamia Nut', '&lt;img src=&quot;/wmdCake/home/upload/20171017/1508225430102381.jpg&quot;/&gt;&lt;img src=&quot;/wmdCake/home/upload/20171017/1508225436230564.jpg&quot;/&gt;&lt;img src=&quot;/wmdCake/home/upload/20171017/1508225442970624.jpg&quot;/&gt;&lt;img src=&quot;/wmdCake/home/upload/20171017/1508225447198032.jpg&quot;/&gt;', '/特制椰香奶油，100%使用进口天然稀奶油，内藏糖烤夏威夷果仁，淡奶椰香浸满舌尖。/', '订购提示： Φ20cm规格可提前4小时预定，其他规格请您至少提前2天16:00前订购', '168', 'Φ15cm', '0', '', '0', 'a:4:{s:12:\"蛋糕类别\";s:18:\"天然奶油蛋糕\";s:12:\"适合人群\";s:66:\"各类人群（建议婴幼儿、老人、病患者谨慎食用）\";s:12:\"保存条件\";s:40:\"0-7℃冷藏2天（建议当天食用）\";s:12:\"特色原料\";s:40:\"100%使用法国或英国天然稀奶油\";}', '', '0', '&lt;img src=&quot;/wmdCake/home/upload/20171017/1508223893123591.jpg&quot;/&gt;', 'Φ15cm/Φ20cm/Φ25cm/Φ30cm', '168/208/288/398');
INSERT INTO `goods_list` VALUES ('12', '3', '森林狂想曲蛋糕 Chocolate and Cherry & Berry', '&lt;img src=&quot;/wmdCake/home/upload/20171017/1508225583697588.jpg&quot;/&gt;&lt;img src=&quot;/wmdCake/home/upload/20171017/1508225589138291.jpg&quot;/&gt;&lt;img src=&quot;/wmdCake/home/upload/20171017/1508225595138454.jpg&quot;/&gt;&lt;img src=&quot;/wmdCake/home/upload/20171017/1508225601115966.jpg&quot;/&gt;', '/100%使用进口天然稀奶油，简单时尚的“裸”蛋糕 /', '订购提示：Φ14cm、Φ19cm规格可提前4小时预订（数量有限），其他规格请提前一天16:00前预订。', '208', 'Φ19cm', '0', '', '0', 'a:4:{s:12:\"蛋糕类别\";s:21:\"巧克力风味蛋糕\";s:12:\"适合人群\";s:66:\"各类人群（建议婴幼儿、老人、病患者谨慎食用）\";s:12:\"保存条件\";s:40:\"0-7℃冷藏2天（建议当天食用）\";s:12:\"特色原料\";s:64:\"100%使用法国或英国天然稀奶油、进口高脂可可粉\";}', '', '0', '&lt;img src=&quot;/wmdCake/home/upload/20171017/1508223893123591.jpg&quot;/&gt;', 'Φ14cm/Φ19cm/Φ24cm/Φ29cm', '168/208/288/398');
INSERT INTO `goods_list` VALUES ('13', '11', '欧蕾芝士蛋糕 Oreo Cheese', '&lt;img src=&quot;/wmdCake/home/upload/20171017/1508225866226820.jpg&quot;/&gt;&lt;img src=&quot;/wmdCake/home/upload/20171017/1508225871104020.jpg&quot;/&gt;&lt;img src=&quot;/wmdCake/home/upload/20171017/1508225877109279.jpg&quot;/&gt;&lt;img src=&quot;/wmdCake/home/upload/20171017/1508225884128239.jpg&quot;/&gt;', '/100%使用进口干酪，中性芝士口感，入口即溶。/', '', '228', 'Φ18cm', '1', '', '0', 'a:4:{s:12:\"蛋糕类别\";s:12:\"乳酪蛋糕\";s:12:\"适合人群\";s:66:\"各类人群（建议婴幼儿、老人、病患者谨慎食用）\";s:12:\"保存条件\";s:40:\"0-7℃冷藏2天（建议当天食用）\";s:12:\"特色原料\";s:40:\"100%使用澳大利亚或新西兰干酪\";}', '', '0', '&lt;img src=&quot;/wmdCake/home/upload/20171017/1508225909140520.jpg&quot;/&gt;', 'Φ18cm', '228');
INSERT INTO `goods_list` VALUES ('14', '11', '纽约芝士蛋糕 New York Cheese', '&lt;img src=&quot;/wmdCake/home/upload/20171017/1508226615150439.jpg&quot;/&gt;&lt;img src=&quot;/wmdCake/home/upload/20171017/1508226621709421.jpg&quot;/&gt;&lt;img src=&quot;/wmdCake/home/upload/20171017/1508226626101709.jpg&quot;/&gt;&lt;img src=&quot;/wmdCake/home/upload/20171017/1508226632137641.jpg&quot;/&gt;', '/100%使用进口干酪，浓郁芝士，口感醇厚。/', '', '228', 'Φ18cm', '0', '', '0', 'a:4:{s:12:\"蛋糕类别\";s:12:\"乳酪蛋糕\";s:12:\"适合人群\";s:66:\"各类人群（建议婴幼儿、老人、病患者谨慎食用）\";s:12:\"保存条件\";s:40:\"0-7℃冷藏2天（建议当天食用）\";s:12:\"特色原料\";s:40:\"100%使用澳大利亚或新西兰干酪\";}', '', '0', '&lt;img src=&quot;/wmdCake/home/upload/20171017/1508225909140520.jpg&quot;/&gt;', 'Φ18cm', '228');
INSERT INTO `goods_list` VALUES ('15', '5', '纽约芝士蛋糕提拉米苏蛋糕 Tiramisu Mousse New York Cheese', '&lt;img src=&quot;/wmdCake/home/upload/20171017/1508227094110871.jpg&quot;/&gt;&lt;img src=&quot;/wmdCake/home/upload/20171017/1508227100354366.jpg&quot;/&gt;&lt;img src=&quot;/wmdCake/home/upload/20171017/1508227106420033.jpg&quot;/&gt;&lt;img src=&quot;/wmdCake/home/upload/20171017/1508227111220623.jpg&quot;/&gt;', '/明星特色蛋糕，经典品味!浓郁芝士融合天然奶油的意式风情慕斯蛋糕。/', '订购提示：Φ15cm、Φ20cm规格可提前4小时预订（数量有限），其他规格请提前一天16:00前预订。 ', '208', 'Φ20cm', '0', '', '0', 'a:4:{s:12:\"蛋糕类别\";s:27:\"蛋糕类别：慕斯蛋糕\";s:12:\"适合人群\";s:66:\"各类人群（建议婴幼儿、老人、病患者谨慎食用）\";s:12:\"保存条件\";s:40:\"0-7℃冷藏2天（建议当天食用）\";s:12:\"特色原料\";s:107:\"100%使用法国或英国天然稀奶油、100%使用澳大利亚或新西兰干酪、进口高脂可可粉\";}', '', '0', '&lt;img src=&quot;/wmdCake/home/upload/20171017/1508227059125648.jpg&quot;/&gt;', 'Φ15cm/Φ20cm/Φ25cm', '168/208/288');
INSERT INTO `goods_list` VALUES ('16', '5', '芒果慕斯蛋糕 Mango Mousse', '&lt;img src=&quot;/wmdCake/home/upload/20171017/1508227225410092.jpg&quot;/&gt;&lt;img src=&quot;/wmdCake/home/upload/20171017/1508227230697114.jpg&quot;/&gt;&lt;img src=&quot;/wmdCake/home/upload/20171017/1508227236100272.jpg&quot;/&gt;&lt;img src=&quot;/wmdCake/home/upload/20171017/1508227241876127.jpg&quot;/&gt;', '/芒果味浓郁、入口清香。/', '订购提示：Φ15cm、Φ20cm规格可提前4小时预订（数量有限），其他规格请提前一天16:00前预订。', '168', 'Φ15cm', '0', '', '0', 'a:4:{s:12:\"蛋糕类别\";s:12:\"慕斯蛋糕\";s:12:\"适合人群\";s:66:\"各类人群（建议婴幼儿、老人、病患者谨慎食用）\";s:12:\"保存条件\";s:40:\"0-7℃冷藏2天（建议当天食用）\";s:12:\"特色原料\";s:79:\"100%使用法国或英国天然稀奶油、芒果果溶、进口高脂可可粉\";}', '', '0', '&lt;img src=&quot;/wmdCake/home/upload/20171017/1508227059125648.jpg&quot;/&gt;', 'Φ15cm/Φ20cm/Φ25cm', '168/208/288');
INSERT INTO `goods_list` VALUES ('17', '5', '蓝莓慕斯蛋糕 Blueberry Mousse', '&lt;img src=&quot;/wmdCake/home/upload/20171017/1508227368121336.jpg&quot;/&gt;&lt;img src=&quot;/wmdCake/home/upload/20171017/1508227383789073.jpg&quot;/&gt;&lt;img src=&quot;/wmdCake/home/upload/20171017/1508227389898116.jpg&quot;/&gt;&lt;img src=&quot;/wmdCake/home/upload/20171017/1508227393670478.jpg&quot;/&gt;', '/搭配蓝莓果馅的慕斯蛋糕/', '订购提示：Φ15cm、Φ20cm规格可提前4小时预订（数量有限），其他规格请提前一天16:00前预订。', '208', 'Φ20cm', '0', '', '0', 'a:4:{s:12:\"蛋糕类别\";s:12:\"慕斯蛋糕\";s:12:\"适合人群\";s:66:\"各类人群（建议婴幼儿、老人、病患者谨慎食用）\";s:12:\"保存条件\";s:40:\"0-7℃冷藏2天（建议当天食用）\";s:12:\"特色原料\";s:79:\"100%使用法国或英国天然稀奶油、蓝莓果馅、进口高脂可可粉\";}', '', '0', '&lt;img src=&quot;/wmdCake/home/upload/20171017/1508227059125648.jpg&quot;/&gt;', 'Φ15cm/Φ20cm/Φ25cm', '168/208/288');
INSERT INTO `goods_list` VALUES ('18', '5', '草莓多芬慕斯蛋糕 Strawberry&Raspberry Mousse', '&lt;img src=&quot;/wmdCake/home/upload/20171017/1508227481135631.jpg&quot;/&gt;&lt;img src=&quot;/wmdCake/home/upload/20171017/1508227487663248.jpg&quot;/&gt;&lt;img src=&quot;/wmdCake/home/upload/20171017/1508227492465216.jpg&quot;/&gt;&lt;img src=&quot;/wmdCake/home/upload/20171017/1508227498113126.jpg&quot;/&gt;', '/100%使用进口天然稀奶油，精心调配的慕斯，口感丰富。/', '订购提示：Φ15cm、Φ20cm规格可提前4小时预订（数量有限），其他规格请提前一天16:00前预订。', '208', 'Φ20cm', '0', '', '0', 'a:4:{s:12:\"蛋糕类别\";s:12:\"慕斯蛋糕\";s:12:\"适合人群\";s:66:\"各类人群（建议婴幼儿、老人、病患者谨慎食用）\";s:12:\"保存条件\";s:40:\"0-7℃冷藏2天（建议当天食用）\";s:12:\"特色原料\";s:55:\"100%使用法国或英国天然稀奶油、草莓果溶\";}', '', '0', '&lt;img src=&quot;/wmdCake/home/upload/20171017/1508227059125648.jpg&quot;/&gt;', 'Φ15cm/Φ20cm/Φ25cm', '168/208/288');
INSERT INTO `goods_list` VALUES ('19', '5', '巧克力甜心慕斯蛋糕 Dark Chocolate Mousse', '&lt;img src=&quot;/wmdCake/home/upload/20171017/1508227675852072.jpg&quot;/&gt;&lt;img src=&quot;/wmdCake/home/upload/20171017/1508227680991409.jpg&quot;/&gt;&lt;img src=&quot;/wmdCake/home/upload/20171017/1508227685112454.jpg&quot;/&gt;&lt;img src=&quot;/wmdCake/home/upload/20171017/1508227691254532.jpg&quot;/&gt;', '巧克力甜心慕斯蛋糕 Dark Chocolate Mousse /搭配进口巧克力的慕斯蛋糕/', '订购提示：Φ15cm、Φ20cm规格可提前4小时预订（数量有限），其他规格请提前一天16:00前预订。', '168', 'Φ15cm', '0', '', '0', 'a:4:{s:12:\"蛋糕类别\";s:12:\"慕斯蛋糕\";s:12:\"适合人群\";s:66:\"各类人群（建议婴幼儿、老人、病患者谨慎食用）\";s:12:\"保存条件\";s:40:\"0-7℃冷藏2天（建议当天食用）\";s:12:\"特色原料\";s:64:\"100%使用法国或英国天然稀奶油、进口高脂可可粉\";}', '', '0', '&lt;img src=&quot;/wmdCake/home/upload/20171017/1508227059125648.jpg&quot;/&gt;', 'Φ15cm/Φ20cm/Φ25cm', '168/208/288');
INSERT INTO `goods_list` VALUES ('20', '6', '经典黑森林蛋糕 Black Forest', '&lt;img src=&quot;/wmdCake/home/upload/20171017/1508227828518748.jpg&quot;/&gt;&lt;img src=&quot;/wmdCake/home/upload/20171017/1508227832671166.jpg&quot;/&gt;&lt;img src=&quot;/wmdCake/home/upload/20171017/1508227838415299.jpg&quot;/&gt;&lt;img src=&quot;/wmdCake/home/upload/20171017/1508227842648962.jpg&quot;/&gt;', '/100%使用进口天然稀奶油，与樱桃层层融合。/', '订购提示：Φ15cm、Φ20cm规格可提前4小时预订（数量有限），其他规格请提前一天16:00前预订。', '208', 'Φ20cm', '0', '', '0', 'a:4:{s:12:\"蛋糕类别\";s:21:\"巧克力风味蛋糕\";s:12:\"适合人群\";s:66:\"各类人群（建议婴幼儿、老人、病患者谨慎食用）\";s:12:\"保存条件\";s:40:\"0-7℃冷藏2天（建议当天食用）\";s:12:\"特色原料\";s:64:\"100%使用法国或英国天然稀奶油、进口高脂可可粉\";}', '', '0', '&lt;img src=&quot;/wmdCake/home/upload/20171017/1508227059125648.jpg&quot;/&gt;', 'Φ15cm/Φ20cm/Φ25cm/Φ30cm', '168/208/288/398');
INSERT INTO `goods_list` VALUES ('21', '6', '森林狂想曲蛋糕 Chocolate and Cherry & Berry', '&lt;img src=&quot;/wmdCake/home/upload/20171017/1508227964521889.jpg&quot;/&gt;&lt;img src=&quot;/wmdCake/home/upload/20171017/1508227969758650.jpg&quot;/&gt;&lt;img src=&quot;/wmdCake/home/upload/20171017/1508227974107458.jpg&quot;/&gt;&lt;img src=&quot;/wmdCake/home/upload/20171017/1508227979891360.jpg&quot;/&gt;', '/100%使用进口天然稀奶油，简单时尚的“裸”蛋糕 /', '订购提示：Φ15cm、Φ20cm规格可提前4小时预订（数量有限），其他规格请提前一天16:00前预订。', '208', 'Φ19cm', '0', '', '0', 'a:4:{s:12:\"蛋糕类别\";s:21:\"巧克力风味蛋糕\";s:12:\"适合人群\";s:66:\"各类人群（建议婴幼儿、老人、病患者谨慎食用）\";s:12:\"保存条件\";s:40:\"0-7℃冷藏2天（建议当天食用）\";s:12:\"特色原料\";s:64:\"100%使用法国或英国天然稀奶油、进口高脂可可粉\";}', '', '0', '&lt;img src=&quot;/wmdCake/home/upload/20171017/1508227059125648.jpg&quot;/&gt;', 'Φ14cm/Φ19cm/Φ24cm/Φ29cm', '168/208/288/398');
INSERT INTO `goods_list` VALUES ('22', '6', '女王巧克力蛋糕 Queen Chocolate', '&lt;img src=&quot;/wmdCake/home/upload/20171017/1508228156109774.jpg&quot;/&gt;&lt;img src=&quot;/wmdCake/home/upload/20171017/1508228162735886.jpg&quot;/&gt;&lt;img src=&quot;/wmdCake/home/upload/20171017/1508228168865584.jpg&quot;/&gt;&lt;img src=&quot;/wmdCake/home/upload/20171017/1508228173691649.jpg&quot;/&gt;', '/选用进口巧克力、进口榛子酱，造型灵感源自女王皇冠，据传为皇室专用的巧克力蛋糕，原法国总理府西点大师J-Marc Bernelin 于2015年将它带到味多美。/', '', '268', 'Φ19cm', '0', '', '0', 'a:4:{s:12:\"蛋糕类别\";s:21:\"巧克力风味蛋糕\";s:12:\"适合人群\";s:66:\"各类人群（建议婴幼儿、老人、病患者谨慎食用）\";s:12:\"保存条件\";s:40:\"0-7℃冷藏2天（建议当天食用）\";s:12:\"特色原料\";s:113:\"100%使用比利时巧克力、进口榛子酱、进口高脂可可粉、100%使用法国或英国天然稀奶油\";}', '', '0', '&lt;img src=&quot;/wmdCake/home/upload/20171017/1508228134865498.jpg&quot;/&gt;', 'Φ19cm', '268');
INSERT INTO `goods_list` VALUES ('23', '6', '巧乐园蛋糕 Happy Chocolate', '&lt;img src=&quot;/wmdCake/home/upload/20171017/1508228511768848.jpg&quot;/&gt;&lt;img src=&quot;/wmdCake/home/upload/20171017/1508228517933660.jpg&quot;/&gt;&lt;img src=&quot;/wmdCake/home/upload/20171017/1508228524127404.jpg&quot;/&gt;&lt;img src=&quot;/wmdCake/home/upload/20171017/1508228535136587.jpg&quot;/&gt;', '/100%使用进口天然稀奶油，一份简单的萌趣快乐。/', '订购提示：Φ15cm、Φ20cm规格可提前4小时预订（数量有限），其他规格请提前一天16:00前预订。', '168', 'Φ15cm', '0', '', '0', 'a:4:{s:12:\"蛋糕类别\";s:21:\"巧克力风味蛋糕\";s:12:\"适合人群\";s:66:\"各类人群（建议婴幼儿、老人、病患者谨慎食用）\";s:12:\"保存条件\";s:40:\"0-7℃冷藏2天（建议当天食用）\";s:12:\"特色原料\";s:64:\"100%使用法国或英国天然稀奶油、进口高脂可可粉\";}', '', '0', '&lt;img src=&quot;/wmdCake/home/upload/20171017/1508228545388447.jpg&quot;/&gt;', 'Φ15cm/Φ20cm/Φ25cm/Φ30cm', '168/208/288/398');
INSERT INTO `goods_list` VALUES ('24', '7', '盛宴 Grand Banquet', '&lt;img src=&quot;/wmdCake/home/upload/20171017/1508228731337498.jpg&quot;/&gt;&lt;img src=&quot;/wmdCake/home/upload/20171017/1508228737587685.jpg&quot;/&gt;&lt;img src=&quot;/wmdCake/home/upload/20171017/1508228746219892.jpg&quot;/&gt;&lt;img src=&quot;/wmdCake/home/upload/20171017/1508228751860162.jpg&quot;/&gt;', '/时尚风行的杯子蛋糕/', '订购提示：请您提前两天16:00前预订<br> 托盘押金：￥380.00元<br> 此款蛋糕需要额外收取托盘及立柱押金380元，3天内（含）完好退还至航天桥店，押金全额退回。未能按时退回的，按用具价格每天收取10%租金，损坏、少退的情况需按用具价格赔偿。', '599', '4层', '1', '', '0', 'a:4:{s:12:\"蛋糕类别\";s:18:\"大型庆典蛋糕\";s:12:\"适合人群\";s:66:\"各类人群（建议婴幼儿、老人、病患者谨慎食用）\";s:12:\"保存条件\";s:40:\"0-7℃冷藏2天（建议当天食用）\";s:12:\"特色原料\";s:40:\"100%使用法国或英国天然稀奶油\";}', '', '0', '&lt;img src=&quot;/wmdCake/home/upload/20171017/1508228774695178.jpg&quot;/&gt;', '4层/5层/6层/8层', '599/999/1499/2899');
INSERT INTO `goods_list` VALUES ('25', '7', '福寿延年 Happiness And Longevity', '&lt;img src=&quot;/wmdCake/home/upload/20171017/1508228926722245.jpg&quot;/&gt;&lt;img src=&quot;/wmdCake/home/upload/20171017/1508228931292530.jpg&quot;/&gt;&lt;img src=&quot;/wmdCake/home/upload/20171017/1508228936113173.jpg&quot;/&gt;&lt;img src=&quot;/wmdCake/home/upload/20171017/1508228941898933.jpg&quot;/&gt;', '/100%使用法国或英国天然稀奶油，多桃多寿。/', '订购提示：请您提前两天16:00前预订<br> 托盘押金：￥380.00元<br> 此款蛋糕需要额外收取托盘及立柱押金380元，3天内（含）完好退还至航天桥店，押金全额退回。未能按时退回的，按用具价格每天收取10%租金，损坏、少退的情况需按用具价格赔偿。', '1299', '3层', '1', '', '0', 'a:4:{s:12:\"蛋糕类别\";s:18:\"大型庆典蛋糕\";s:12:\"适合人群\";s:66:\"各类人群（建议婴幼儿、老人、病患者谨慎食用）\";s:12:\"保存条件\";s:40:\"0-7℃冷藏2天（建议当天食用）\";s:12:\"特色原料\";s:40:\"100%使用法国或英国天然稀奶油\";}', '', '0', '&lt;img src=&quot;/wmdCake/home/upload/20171017/1508228969558036.jpg&quot;/&gt;', '3层/5层/6层/8层', '1299/2999/3999/6699');
INSERT INTO `goods_list` VALUES ('26', '7', '挚爱一生 Love You Lifetime', '&lt;img src=&quot;/wmdCake/home/upload/20171017/1508229213116495.jpg&quot;/&gt;&lt;img src=&quot;/wmdCake/home/upload/20171017/1508229221130257.jpg&quot;/&gt;&lt;img src=&quot;/wmdCake/home/upload/20171017/1508229226107872.jpg&quot;/&gt;&lt;img src=&quot;/wmdCake/home/upload/20171017/1508229230620087.jpg&quot;/&gt;', '/挚爱一生，见证此刻幸福，天然奶油的甜蜜祝福，由味道铭记。/', '订购提示：请您提前两天16:00前预订<br> 托盘押金：￥380.00元<br> 此款蛋糕需要额外收取托盘及立柱押金380元，3天内（含）完好退还至航天桥店，押金全额退回。未能按时退回的，按用具价格每天收取10%租金，损坏、少退的情况需按用具价格赔偿。', '1299', '3层', '0', '', '0', 'a:4:{s:12:\"蛋糕类别\";s:18:\"大型庆典蛋糕\";s:12:\"适合人群\";s:81:\"适合人群：各类人群（建议婴幼儿、老人、病患者谨慎食用）\";s:12:\"保存条件\";s:40:\"0-7℃冷藏2天（建议当天食用）\";s:12:\"特色原料\";s:40:\"100%使用法国或英国天然稀奶油\";}', '', '0', '&lt;img src=&quot;/wmdCake/home/upload/20171017/1508228969558036.jpg&quot;/&gt;', '3层/5层/6层/8层', '1299/2999/3999/6699');
INSERT INTO `goods_list` VALUES ('27', '12', '100元提货卡', '&lt;img src=&quot;/wmdCake/home/upload/20171017/1508230560120514.jpg&quot;/&gt;&lt;img src=&quot;/wmdCake/home/upload/20171017/1508230566895921.jpg&quot;/&gt;', '', '订购提示<br> 1、下单并在线支付成功后，提货卡卡号及密码会以短信形式发送到订货人手机上。凭卡号及密码到味多美北京任意门店换取等额实体卡后，即可持卡消费；<br> 2、在门店换取实体卡时按订单实际支付金额开具发票，发票不支持邮寄。', '97', '', '1', '', '0', 'a:6:{s:12:\"产品名称\";s:15:\"100元提货卡\";s:12:\"产品类型\";s:9:\"实体卡\";s:6:\"面值\";s:6:\"100元\";s:12:\"有效期至\";s:4:\"3年\";s:12:\"适用城市\";s:6:\"北京\";s:12:\"适用产品\";s:27:\"蛋糕、面包、饮品等\";}', '', '0', '', '', '');
INSERT INTO `goods_list` VALUES ('28', '12', '200元提货卡', '&lt;img src=&quot;/wmdCake/home/upload/20171017/1508230636117644.jpg&quot;/&gt;&lt;img src=&quot;/wmdCake/home/upload/20171017/1508230641193212.jpg&quot;/&gt;', '', '订购提示<br> 1、下单并在线支付成功后，提货卡卡号及密码会以短信形式发送到订货人手机上。凭卡号及密码到味多美北京任意门店换取等额实体卡后，即可持卡消费；<br> 2、在门店换取实体卡时按订单实际支付金额开具发票，发票不支持邮寄。', '194', '', '0', '', '0', 'a:6:{s:12:\"产品名称\";s:15:\"200元提货卡\";s:12:\"产品类型\";s:9:\"实体卡\";s:6:\"面值\";s:6:\"200元\";s:12:\"有效期至\";s:4:\"3年\";s:12:\"适用城市\";s:6:\"北京\";s:12:\"适用产品\";s:27:\"蛋糕、面包、饮品等\";}', '', '0', '', '', '');
INSERT INTO `goods_list` VALUES ('29', '13', '阿拉棒饼干', '&lt;img src=&quot;/wmdCake/home/upload/20171017/1508230778134336.jpg&quot;/&gt;&lt;img src=&quot;/wmdCake/home/upload/20171017/1508230783515004.jpg&quot;/&gt;&lt;img src=&quot;/wmdCake/home/upload/20171017/1508230788740749.jpg&quot;/&gt;&lt;img src=&quot;/wmdCake/home/upload/20171017/1508230794131005.jpg&quot;/&gt;', '/阿拉棒饼干，为“吃货”而生，咔哧咔哧超享受！/', '订购提示：订购全国邮寄产品，满99元顺丰包邮，不满99元收取10元/单运费（港澳台及偏远地区除外，新疆、西藏、内蒙古地区收取20/单运费）。', '12', '', '1', '&lt;p&gt;&lt;img src=&quot;/wmdCake/home/upload/20171017/1508230957240633.jpg&quot; title=&quot;1508230957240633.jpg&quot; alt=&quot;阿拉棒饼干870_001.jpg&quot;/&gt;&lt;img src=&quot;/wmdCake/home/upload/20171017/1508230965136694.jpg&quot; title=&quot;1508230965136694.jpg&quot; alt=&quot;阿拉棒饼干870_03.jpg&quot;/&gt;&lt;img src=&quot;/wmdCake/home/upload/20171017/1508230986611567.jpg&quot; title=&quot;1508230986611567.jpg&quot; alt=&quot;阿拉棒饼干870_05.jpg&quot;/&gt;&lt;img src=&quot;/wmdCake/home/upload/20171017/1508231000745052.jpg&quot; title=&quot;1508231000745052.jpg&quot; alt=&quot;阿拉棒饼干870_06.jpg&quot;/&gt;&lt;img src=&quot;/wmdCake/home/upload/20171017/1508231008792473.jpg&quot; title=&quot;1508231008792473.jpg&quot; alt=&quot;阿拉棒饼干870_08.jpg&quot;/&gt;&lt;img src=&quot;/wmdCake/home/upload/20171017/1508231023132116.jpg&quot; title=&quot;1508231023132116.jpg&quot; alt=&quot;阿拉棒饼干870_110.jpg&quot;/&gt;&lt;img src=&quot;/wmdCake/home/upload/20171017/1508231033126806.jpg&quot; title=&quot;1508231033126806.jpg&quot; alt=&quot;阿拉棒饼干870_10.jpg&quot;/&gt;&lt;/p&gt;', '0', 'a:5:{s:12:\"产品类别\";s:6:\"饼干\";s:12:\"保存条件\";s:47:\"常温（25℃以下），阴凉避光处保存\";s:9:\"保质期\";s:5:\"60天\";s:6:\"克重\";s:4:\"130g\";s:12:\"特色原料\";s:18:\"选用天然奶油\";}', '', '0', '', '', '');
INSERT INTO `goods_list` VALUES ('30', '13', ' 巧克力棒饼干', '&lt;img src=&quot;/wmdCake/home/upload/20171017/1508231294115325.jpg&quot;/&gt;&lt;img src=&quot;/wmdCake/home/upload/20171017/1508231300195106.jpg&quot;/&gt;&lt;img src=&quot;/wmdCake/home/upload/20171017/1508231306948936.jpg&quot;/&gt;&lt;img src=&quot;/wmdCake/home/upload/20171017/1508231311212146.jpg&quot;/&gt;', '/选用天然奶油，重新定义零食，一根一根，根本停不下来！/', '订购提示：订购全国邮寄产品，满99元顺丰包邮，不满99元收取10元/单运费（港澳台及偏远地区除外，新疆、西藏、内蒙古地区收取20/单运费）。', '12', '', '0', '&lt;p&gt;&lt;img src=&quot;/wmdCake/home/upload/20171017/1508231438534971.jpg&quot; title=&quot;1508231438534971.jpg&quot; alt=&quot;1.jpg&quot;/&gt;&lt;img src=&quot;/wmdCake/home/upload/20171017/1508231444369643.jpg&quot; title=&quot;1508231444369643.jpg&quot; alt=&quot;2.jpg&quot;/&gt;&lt;img src=&quot;/wmdCake/home/upload/20171017/1508231451768203.jpg&quot; title=&quot;1508231451768203.jpg&quot; alt=&quot;3.jpg&quot;/&gt;&lt;img src=&quot;/wmdCake/home/upload/20171017/1508231457799788.jpg&quot; title=&quot;1508231457799788.jpg&quot; alt=&quot;4.jpg&quot;/&gt;&lt;img src=&quot;/wmdCake/home/upload/20171017/1508231466182454.jpg&quot; title=&quot;1508231466182454.jpg&quot; alt=&quot;5.jpg&quot;/&gt;&lt;img src=&quot;/wmdCake/home/upload/20171017/1508231473929744.jpg&quot; title=&quot;1508231473929744.jpg&quot; alt=&quot;6.jpg&quot;/&gt;&lt;img src=&quot;/wmdCake/home/upload/20171017/1508231480179872.gif&quot; title=&quot;1508231480179872.gif&quot; alt=&quot;7.gif&quot;/&gt;&lt;/p&gt;', '0', 'a:5:{s:12:\"产品类别\";s:6:\"饼干\";s:12:\"保存条件\";s:47:\"常温（25℃以下），阴凉避光处保存\";s:9:\"保质期\";s:5:\"60天\";s:6:\"克重\";s:4:\"130g\";s:12:\"特色原料\";s:18:\"选用天然奶油\";}', '', '0', '', '', '');
INSERT INTO `goods_list` VALUES ('31', '13', '红枣蛋糕2枚装', '&lt;img src=&quot;/wmdCake/home/upload/20171017/1508240629825091.jpg&quot;/&gt;&lt;img src=&quot;/wmdCake/home/upload/20171017/1508240640471800.jpg&quot;/&gt;&lt;img src=&quot;/wmdCake/home/upload/20171017/1508240648522664.jpg&quot;/&gt;&lt;img src=&quot;/wmdCake/home/upload/20171017/1508240657355270.jpg&quot;/&gt;', '/我们不添加防腐剂，红枣蛋糕吃出好气色！/', '订购提示：订购全国邮寄产品，满99元顺丰包邮，不满99元收取10元/单运费（港澳台及偏远地区除外，新疆、西藏、内蒙古地区收取20/单运费）。', '13', '', '0', '&lt;p&gt;&lt;img src=&quot;/wmdCake/home/upload/20171017/1508240779889466.jpg&quot; title=&quot;1508240779889466.jpg&quot; alt=&quot;1.jpg&quot;/&gt;&lt;img src=&quot;/wmdCake/home/upload/20171017/1508240789464743.jpg&quot; title=&quot;1508240789464743.jpg&quot; alt=&quot;2.jpg&quot;/&gt;&lt;img src=&quot;/wmdCake/home/upload/20171017/1508240800647628.jpg&quot; title=&quot;1508240800647628.jpg&quot; alt=&quot;3.jpg&quot;/&gt;&lt;img src=&quot;/wmdCake/home/upload/20171017/1508240812609674.jpg&quot; title=&quot;1508240812609674.jpg&quot; alt=&quot;4.jpg&quot;/&gt;&lt;img src=&quot;/wmdCake/home/upload/20171017/1508240823634374.jpg&quot; title=&quot;1508240823634374.jpg&quot; alt=&quot;5.jpg&quot;/&gt;&lt;/p&gt;', '0', 'a:5:{s:12:\"产品类别\";s:6:\"面包\";s:12:\"保存条件\";s:41:\"常温25℃以下，阴凉避光处保存\";s:9:\"保质期\";s:4:\"7天\";s:6:\"克重\";s:8:\"50g*2枚\";s:12:\"特色原料\";s:24:\"我们不添加防腐剂\";}', '', '0', '', '', '');
INSERT INTO `goods_list` VALUES ('32', '13', '马赛克饼干', '&lt;img src=&quot;/wmdCake/home/upload/20171017/1508241005344254.jpg&quot;/&gt;&lt;img src=&quot;/wmdCake/home/upload/20171017/1508241010114283.jpg&quot;/&gt;&lt;img src=&quot;/wmdCake/home/upload/20171017/1508241017122743.jpg&quot;/&gt;&lt;img src=&quot;/wmdCake/home/upload/20171017/1508241024724741.jpg&quot;/&gt;', '/吃一块马赛克饼干，把该忘记的烦恼都模糊掉！/', '订购提示：订购全国邮寄产品，满99元顺丰包邮，不满99元收取10元/单运费（港澳台及偏远地区除外，新疆、西藏、内蒙古地区收取20/单运费）。', '15', '', '0', '&lt;p&gt;&lt;img src=&quot;/wmdCake/home/upload/20171017/1508241169246141.jpg&quot; title=&quot;1508241169246141.jpg&quot; alt=&quot;1.jpg&quot;/&gt;&lt;img src=&quot;/wmdCake/home/upload/20171017/1508241181535229.jpg&quot; title=&quot;1508241181535229.jpg&quot; alt=&quot;2.jpg&quot;/&gt;&lt;img src=&quot;/wmdCake/home/upload/20171017/1508241189705204.jpg&quot; title=&quot;1508241189705204.jpg&quot; alt=&quot;3.jpg&quot;/&gt;&lt;img src=&quot;/wmdCake/home/upload/20171017/1508241196706495.jpg&quot; title=&quot;1508241196706495.jpg&quot; alt=&quot;4.jpg&quot;/&gt;&lt;img src=&quot;/wmdCake/home/upload/20171017/1508241204974239.jpg&quot; title=&quot;1508241204974239.jpg&quot; alt=&quot;5.jpg&quot;/&gt;&lt;img src=&quot;/wmdCake/home/upload/20171017/1508241213665701.gif&quot; title=&quot;1508241213665701.gif&quot; alt=&quot;6.gif&quot;/&gt;&lt;/p&gt;', '0', 'a:5:{s:12:\"产品类别\";s:6:\"饼干\";s:12:\"保存条件\";s:41:\"常温25℃以下，阴凉避光处保存\";s:9:\"保质期\";s:5:\"60天\";s:6:\"克重\";s:4:\"120g\";s:12:\"特色原料\";s:18:\"选用天然奶油\";}', '', '0', '', '', '');
INSERT INTO `goods_list` VALUES ('33', '13', '巧克力曲奇饼干', '&lt;img src=&quot;/wmdCake/home/upload/20171017/1508241337268088.jpg&quot;/&gt;&lt;img src=&quot;/wmdCake/home/upload/20171017/1508241343101369.jpg&quot;/&gt;&lt;img src=&quot;/wmdCake/home/upload/20171017/1508241349953369.jpg&quot;/&gt;&lt;img src=&quot;/wmdCake/home/upload/20171017/1508241358567374.jpg&quot;/&gt;', '/选用天然奶油，酥香诱人的曲奇，给你不一样的美味。/', '订购提示：订购全国邮寄产品，满99元顺丰包邮，不满99元收取10元/单运费（港澳台及偏远地区除外，新疆、西藏、内蒙古地区收取20/单运费）。', '14', '', '0', '&lt;p&gt;&lt;img src=&quot;/wmdCake/home/upload/20171017/1508241450885723.jpg&quot; title=&quot;1508241450885723.jpg&quot; alt=&quot;1.jpg&quot;/&gt;&lt;img src=&quot;/wmdCake/home/upload/20171017/1508241458742298.jpg&quot; title=&quot;1508241458742298.jpg&quot; alt=&quot;2.jpg&quot;/&gt;&lt;img src=&quot;/wmdCake/home/upload/20171017/1508241466132322.jpg&quot; title=&quot;1508241466132322.jpg&quot; alt=&quot;3.jpg&quot;/&gt;&lt;img src=&quot;/wmdCake/home/upload/20171017/1508241479900267.jpg&quot; title=&quot;1508241479900267.jpg&quot; alt=&quot;4.jpg&quot;/&gt;&lt;img src=&quot;/wmdCake/home/upload/20171017/1508241489111671.gif&quot; title=&quot;1508241489111671.gif&quot; alt=&quot;5.gif&quot;/&gt;&lt;/p&gt;', '0', 'a:5:{s:12:\"产品类别\";s:6:\"饼干\";s:12:\"保存条件\";s:41:\"常温25℃以下，阴凉避光处保存\";s:9:\"保质期\";s:5:\"60天\";s:6:\"克重\";s:3:\"90g\";s:12:\"特色原料\";s:18:\"选用天然奶油\";}', '', '0', '', '', '');
INSERT INTO `goods_list` VALUES ('34', '15', '老婆饼1枚电子兑换券（口味随机）', '&lt;img src=&quot;/wmdCake/home/upload/20171017/1508241832698793.jpg&quot;/&gt;', '/金黄酥松的外皮，内馅软滑，微甜而不腻，老少皆宜。相传是丈夫为爱妻精心研制成一款酥饼，从此流传下来，称作“老婆饼”。/', '订购提示：下单并在线支付成功后，兑换券券号及密码会以短信形式发送到订货人手机上，兑换券使用说明详见【温馨提示】。', '1600', '', '1', '', '0', 'a:9:{s:6:\"品牌\";s:9:\"味多美\";s:12:\"产品名称\";s:9:\"老婆饼\";s:12:\"产品类型\";s:9:\"虚拟券\";s:6:\"面值\";s:4:\"2元\";s:12:\"有效期至\";s:17:\"2018年12月31日\";s:12:\"适用城市\";s:6:\"北京\";s:12:\"适合人群\";s:12:\"各类人群\";s:12:\"产品规格\";s:12:\"口味随机\";s:12:\"储存方法\";s:29:\"25℃以下干燥避光存放\";}', '', '0', '', '', '');
INSERT INTO `goods_list` VALUES ('35', '15', '老婆饼6枚电子兑换券（口味随机）', '&lt;img src=&quot;/wmdCake/home/upload/20171017/1508241951124499.jpg&quot;/&gt;', '/金黄酥松的外皮，内馅软滑，微甜而不腻，老少皆宜。相传是丈夫为爱妻精心研制成一款酥饼，从此流传下来，称作“老婆饼”。/', '订购提示：下单并在线支付成功后，兑换券券号及密码会以短信形式发送到订货人手机上，兑换券使用说明详见【温馨提示】。', '800', '', '0', '', '0', 'a:9:{s:6:\"品牌\";s:9:\"味多美\";s:12:\"产品名称\";s:9:\"老婆饼\";s:12:\"产品类型\";s:9:\"虚拟券\";s:6:\"面值\";s:5:\"12元\";s:12:\"有效期至\";s:17:\"2018年12月31日\";s:12:\"适用城市\";s:6:\"北京\";s:12:\"适合人群\";s:12:\"各类人群\";s:12:\"产品规格\";s:21:\"28g/块（6块/盒）\";s:12:\"储存方法\";s:29:\"25℃以下干燥避光存放\";}', '', '0', '', '', '');
INSERT INTO `goods_list` VALUES ('36', '15', '珍珠糖泡芙糕点1份电子兑换券', '&lt;img src=&quot;/wmdCake/home/upload/20171017/1508242057442280.jpg&quot;/&gt;', '/外皮焦脆且布满了香甜的珍珠糖，夹心是入口融化的天然奶油。/', '订购提示：下单并在线支付成功后，兑换券券号及密码会以短信形式发送到订货人手机上，兑换券使用说明详见【温馨提示】。', '800', '', '0', '', '0', 'a:9:{s:6:\"品牌\";s:9:\"味多美\";s:12:\"产品名称\";s:21:\"珍珠糖泡芙糕点\";s:12:\"产品类型\";s:9:\"虚拟券\";s:6:\"面值\";s:5:\"10元\";s:12:\"有效期至\";s:17:\"2018年12月31日\";s:12:\"适用城市\";s:6:\"北京\";s:12:\"适合人群\";s:12:\"各类人群\";s:12:\"产品规格\";s:12:\"口味随机\";s:12:\"储存方法\";s:29:\"25℃以下干燥避光存放\";}', '', '0', '', '', '');
INSERT INTO `goods_list` VALUES ('37', '15', '乳酪金砖面包电子兑换券', '&lt;img src=&quot;/wmdCake/home/upload/20171017/1508242159337842.jpg&quot;/&gt;', '/足有80层的美味金砖面包，使用进口奶酪。/', '订购提示：下单并在线支付成功后，兑换券券号及密码会以短信形式发送到订货人手机上，兑换券使用说明详见【温馨提示】。', '2200', '', '0', '', '0', 'a:9:{s:6:\"品牌\";s:9:\"味多美\";s:12:\"产品名称\";s:12:\"乳酪金砖\";s:12:\"产品类型\";s:9:\"虚拟券\";s:6:\"面值\";s:5:\"26元\";s:12:\"有效期至\";s:17:\"2018年12月31日\";s:12:\"适用城市\";s:6:\"北京\";s:12:\"适合人群\";s:12:\"各类人群\";s:12:\"产品规格\";s:12:\"口味随机\";s:12:\"储存方法\";s:29:\"25℃以下干燥避光存放\";}', '', '0', '', '', '');
INSERT INTO `goods_list` VALUES ('38', '15', '优格蛋糕电子兑换券', '&lt;img src=&quot;/wmdCake/home/upload/20171017/1508242262252854.jpg&quot;/&gt;', '/优格，Yogurt,拥有独特的酸奶风味和天然奶油的淡香。/', '订购提示：下单并在线支付成功后，兑换券券号及密码会以短信形式发送到订货人手机上，兑换券使用说明详见【温馨提示】。', '2000', '', '0', '', '0', 'a:9:{s:6:\"品牌\";s:9:\"味多美\";s:12:\"产品名称\";s:12:\"优格蛋糕\";s:12:\"产品类型\";s:9:\"虚拟券\";s:6:\"面值\";s:7:\"19.9元\";s:12:\"有效期至\";s:17:\"2018年12月31日\";s:12:\"适用城市\";s:6:\"北京\";s:12:\"适合人群\";s:12:\"各类人群\";s:12:\"产品规格\";s:12:\"口味随机\";s:12:\"储存方法\";s:18:\"0-5℃食用更佳\";}', '', '0', '', '', '');
INSERT INTO `goods_list` VALUES ('39', '15', '原味法棍面包电子兑换券', '&lt;img src=&quot;/wmdCake/home/upload/20171017/1508242368950572.jpg&quot;/&gt;', '/选用法国活性酵母制作酸面种，外稣内软。/', '订购提示：下单并在线支付成功后，兑换券券号及密码会以短信形式发送到订货人手机上，兑换券使用说明详见【温馨提示】。', '2000', '', '0', '', '0', 'a:9:{s:6:\"品牌\";s:9:\"味多美\";s:12:\"产品名称\";s:24:\"法棍面包（原味）\";s:12:\"产品类型\";s:9:\"虚拟券\";s:6:\"面值\";s:5:\"12元\";s:12:\"有效期至\";s:17:\"2018年12月31日\";s:12:\"适用城市\";s:6:\"北京\";s:12:\"适合人群\";s:12:\"各类人群\";s:12:\"产品规格\";s:12:\"口味随机\";s:12:\"储存方法\";s:29:\"25℃以下干燥避光存放\";}', '', '0', '', '', '');
INSERT INTO `goods_list` VALUES ('40', '15', '枫糖小牛角面包（1袋）兑换券', '&lt;img src=&quot;/wmdCake/home/upload/20171017/1508242870799444.jpg&quot;/&gt;', '/可爱的小牛角面包，松软香甜，奶香阵阵，入口的美妙滋味醇香萦绕，触碰心尖的幸福好味道。/', '订购提示：下单并在线支付成功后，兑换券券号及密码会以短信形式发送到订货人手机上，兑换券使用说明详见【温馨提示】。', '800', '', '0', '', '0', 'a:9:{s:6:\"品牌\";s:9:\"味多美\";s:12:\"产品名称\";s:21:\"枫糖小牛角面包\";s:12:\"产品类型\";s:9:\"虚拟券\";s:6:\"面值\";s:5:\"10元\";s:12:\"有效期至\";s:17:\"2018年12月31日\";s:12:\"适用城市\";s:6:\"北京\";s:12:\"适合人群\";s:12:\"各类人群\";s:12:\"产品规格\";s:8:\"6个/袋\";s:12:\"储存方法\";s:29:\"25℃以下干燥避光存放\";}', '', '0', '', '', '');
INSERT INTO `goods_list` VALUES ('41', '15', '奶油格格蛋糕（200g）兑换券', '&lt;img src=&quot;/wmdCake/home/upload/20171017/1508243013510873.jpg&quot;/&gt;', '/柔软细腻、入口即化，轻轻入口，醇香弥漫，整个身心便陶醉于柔情蜜意之中，感如其名，给你万千宠爱于一身的享受！/', '订购提示：下单并在线支付成功后，兑换券券号及密码会以短信形式发送到订货人手机上，兑换券使用说明详见【温馨提示】。', '1600', '', '0', '', '0', 'a:9:{s:6:\"品牌\";s:9:\"味多美\";s:12:\"产品名称\";s:18:\"奶油格格蛋糕\";s:12:\"产品类型\";s:9:\"虚拟券\";s:6:\"面值\";s:5:\"28元\";s:12:\"有效期至\";s:17:\"2018年12月31日\";s:12:\"适用城市\";s:6:\"北京\";s:12:\"适合人群\";s:12:\"各类人群\";s:12:\"产品规格\";s:4:\"200g\";s:12:\"储存方法\";s:18:\"0-5℃食用更佳\";}', '', '0', '', '', '');
INSERT INTO `goods_list` VALUES ('42', '15', '鲜榨橙汁电子兑换券', '&lt;img src=&quot;/wmdCake/home/upload/20171017/1508243212134977.jpg&quot;/&gt;', '/鲜榨橙汁，把阳光装进瓶子，对着电脑8小时，你需要瓶橙汁。/', '订购提示：下单并在线支付成功后，兑换券券号及密码会以短信形式发送到订货人手机上，兑换券使用说明详见【温馨提示】。', '1500', '', '0', '', '0', 'a:9:{s:6:\"品牌\";s:9:\"味多美\";s:12:\"产品名称\";s:12:\"鲜榨橙汁\";s:12:\"产品类型\";s:9:\"虚拟券\";s:6:\"面值\";s:7:\"14.9元\";s:12:\"有效期至\";s:17:\"2018年12月31日\";s:12:\"适用城市\";s:6:\"北京\";s:12:\"适合人群\";s:12:\"各类人群\";s:12:\"产品规格\";s:0:\"\";s:12:\"储存方法\";s:18:\"0-5℃食用更佳\";}', '', '0', '', '', '');
INSERT INTO `goods_list` VALUES ('43', '15', '拿铁咖啡电子兑换券', '&lt;img src=&quot;/wmdCake/home/upload/20171017/1508243301101202.jpg&quot;/&gt;', '/悠然下午茶点，配一杯香醇咖啡，让时间慢下来。/', '订购提示：下单并在线支付成功后，兑换券券号及密码会以短信形式发送到订货人手机上，兑换券使用说明详见【温馨提示】。', '1200', '', '0', '', '0', 'a:9:{s:6:\"品牌\";s:9:\"味多美\";s:12:\"产品名称\";s:12:\"美式咖啡\";s:12:\"产品类型\";s:9:\"虚拟券\";s:6:\"面值\";s:5:\"13元\";s:12:\"有效期至\";s:17:\"2018年12月31日\";s:12:\"适用城市\";s:6:\"北京\";s:12:\"适合人群\";s:12:\"各类人群\";s:12:\"产品规格\";s:12:\"口味随机\";s:12:\"储存方法\";s:29:\"25℃以下干燥避光存放\";}', '', '0', '', '', '');
INSERT INTO `goods_list` VALUES ('44', '15', '到家美食会满69减20电子券', '&lt;img src=&quot;/wmdCake/home/upload/20171017/1508243398887315.jpg&quot;/&gt;', '/订购提示：订单提交成功后，优惠券码会以短信形式发送到订货人手机上，优惠券码使用说明详见【温馨提示】。/', '', '20', '', '0', '', '0', 'a:9:{s:6:\"品牌\";s:0:\"\";s:12:\"产品名称\";s:34:\"到家美食会满69减20电子券\";s:12:\"产品类型\";s:9:\"虚拟券\";s:6:\"面值\";s:5:\"20元\";s:12:\"有效期至\";s:17:\"2017年10月30日\";s:12:\"适用城市\";s:6:\"北京\";s:12:\"适合人群\";s:0:\"\";s:12:\"产品规格\";s:0:\"\";s:12:\"储存方法\";s:0:\"\";}', '', '0', '', '', '');
INSERT INTO `goods_list` VALUES ('45', '15', '到家美食会7天VIP体验券', '&lt;img src=&quot;/wmdCake/home/upload/20171017/1508243476968473.jpg&quot;/&gt;', '/订购提示：订单提交成功后，优惠券码会以短信形式发送到订货人手机上，优惠券码使用说明详见【温馨提示】。/', '', '20', '', '0', '', '0', 'a:9:{s:6:\"品牌\";s:0:\"\";s:12:\"产品名称\";s:31:\"到家美食会7天VIP体验券\";s:12:\"产品类型\";s:9:\"虚拟券\";s:6:\"面值\";s:0:\"\";s:12:\"有效期至\";s:17:\"2017年10月30日\";s:12:\"适用城市\";s:6:\"北京\";s:12:\"适合人群\";s:0:\"\";s:12:\"产品规格\";s:0:\"\";s:12:\"储存方法\";s:0:\"\";}', '', '0', '', '', '');
INSERT INTO `goods_list` VALUES ('46', '15', '抠电影满35元减10元代金券', '&lt;img src=&quot;/wmdCake/home/upload/20171017/1508243538116185.jpg&quot;/&gt;', '/订购提示：订单提交成功后，优惠券码会以短信形式发送到订货人手机上，优惠券码使用说明详见【温馨提示】。/', '', '600', '', '0', '', '0', 'a:9:{s:6:\"品牌\";s:0:\"\";s:12:\"产品名称\";s:0:\"\";s:12:\"产品类型\";s:0:\"\";s:6:\"面值\";s:0:\"\";s:12:\"有效期至\";s:0:\"\";s:12:\"适用城市\";s:0:\"\";s:12:\"适合人群\";s:0:\"\";s:12:\"产品规格\";s:0:\"\";s:12:\"储存方法\";s:0:\"\";}', '', '0', '', '', '');
INSERT INTO `goods_list` VALUES ('47', '15', '乐纯酸奶20元现金券', '&lt;img src=&quot;/wmdCake/home/upload/20171017/1508243610152719.jpg&quot;/&gt;', '/订购提示：订单提交成功后，优惠券码会以短信形式发送到订货人手机上，优惠券码使用说明详见【温馨提示】。/', '', '100', '', '0', '', '0', 'a:9:{s:6:\"品牌\";s:0:\"\";s:12:\"产品名称\";s:0:\"\";s:12:\"产品类型\";s:9:\"虚拟券\";s:6:\"面值\";s:5:\"20元\";s:12:\"有效期至\";s:17:\"2017年12月31日\";s:12:\"适用城市\";s:6:\"全国\";s:12:\"适合人群\";s:0:\"\";s:12:\"产品规格\";s:0:\"\";s:12:\"储存方法\";s:0:\"\";}', '', '0', '', '', '');
INSERT INTO `goods_list` VALUES ('48', '15', '198元小灵蜂少儿英语在线外教体验课电子兑换券', '&lt;img src=&quot;/wmdCake/home/upload/20171017/1508243721959608.jpg&quot;/&gt;', '/订购提示：订单提交成功后，优惠券码会以短信形式发送到订货人手机上，优惠券码使用说明详见【温馨提示】。/', '', '50', '', '0', '', '0', 'a:9:{s:6:\"品牌\";s:0:\"\";s:12:\"产品名称\";s:63:\"198元小灵蜂少儿英语在线外教体验课电子兑换券\";s:12:\"产品类型\";s:9:\"虚拟券\";s:6:\"面值\";s:6:\"198元\";s:12:\"有效期至\";s:17:\"2017年12月30日\";s:12:\"适用城市\";s:6:\"全国\";s:12:\"适合人群\";s:0:\"\";s:12:\"产品规格\";s:0:\"\";s:12:\"储存方法\";s:0:\"\";}', '', '0', '', '', '');
INSERT INTO `goods_list` VALUES ('49', '15', '魅原素水光肌驻颜玻尿酸面膜满198立减40元券', '&lt;img src=&quot;/wmdCake/home/upload/20171017/1508243816409146.jpg&quot;/&gt;', '/订购提示：订单提交成功后，优惠券码会以短信形式发送到订货人手机上，优惠券码使用说明详见【温馨提示】。/', '', '50', '', '0', '', '0', 'a:9:{s:6:\"品牌\";s:0:\"\";s:12:\"产品名称\";s:0:\"\";s:12:\"产品类型\";s:9:\"虚拟券\";s:6:\"面值\";s:0:\"\";s:12:\"有效期至\";s:17:\"2017年10月31日\";s:12:\"适用城市\";s:6:\"全国\";s:12:\"适合人群\";s:0:\"\";s:12:\"产品规格\";s:0:\"\";s:12:\"储存方法\";s:0:\"\";}', '', '0', '', '', '');
INSERT INTO `goods_list` VALUES ('50', '16', '音乐蜡烛', '&lt;img src=&quot;/wmdCake/home/upload/20171019/1508384242136755.jpg&quot;/&gt;', '', '', '10', '', '0', '', '0', 'a:0:{}', '', '0', '', '', '');

-- ----------------------------
-- Table structure for goods_order
-- ----------------------------
DROP TABLE IF EXISTS `goods_order`;
CREATE TABLE `goods_order` (
  `id` int(11) NOT NULL AUTO_INCREMENT,
  `orderid` varchar(50) DEFAULT NULL,
  `uid` int(11) DEFAULT NULL,
  `money` decimal(10,2) DEFAULT NULL,
  `order_status` int(11) DEFAULT NULL COMMENT '订单状态  1:待处理，2:已提交，3:已发货，4:已退货',
  `pay_status` int(11) DEFAULT NULL,
  `addr` varchar(50) DEFAULT NULL,
  `msg_id` int(11) DEFAULT NULL,
  `post_time` varchar(50) DEFAULT NULL,
  `other_msg` varchar(300) DEFAULT NULL,
  `post_style` int(11) DEFAULT NULL COMMENT '0=>味美多快递，1=>顺丰',
  `time` varchar(50) DEFAULT NULL,
  `pay_style` char(10) DEFAULT NULL,
  `invoice` int(11) DEFAULT NULL COMMENT '0=>不要发票,1=>个人发票，2=>公司发票',
  PRIMARY KEY (`id`) USING BTREE
) ENGINE=MyISAM AUTO_INCREMENT=14 DEFAULT CHARSET=gbk ROW_FORMAT=DYNAMIC;

-- ----------------------------
-- Records of goods_order
-- ----------------------------
INSERT INTO `goods_order` VALUES ('1', '59e575a99197c18204', '1', '10.00', '2', '2', null, '29', '2017-10-16 00:59', 'sdfasdf', '0', '1508210089', '', '0');
INSERT INTO `goods_order` VALUES ('2', '59e57652b94f063453', '1', '10.00', '2', '2', null, '29', '2017-10-18 00:59', 'asdfsadf', '0', '1508210258', '1', '0');
INSERT INTO `goods_order` VALUES ('3', '59e576d968ab640412', '1', '10.00', '2', '2', null, '29', '2017-10-18 00:00', '', '0', '1508210393', '货到付款', '0');
INSERT INTO `goods_order` VALUES ('4', '59e57743ef75553170', '1', '10.00', '2', '2', null, '29', '2017-10-11 23:00', 'sdfsdf', '0', '1508210499', '货到付款', '0');
INSERT INTO `goods_order` VALUES ('5', '59e5c208c845987942', '1', '10.00', '2', '2', null, '30', ' ', '', '0', '1508229640', '', '0');
INSERT INTO `goods_order` VALUES ('6', '59e5c23db7ad418486', '1', '10.00', '2', '2', null, '30', ' ', '', '0', '1508229693', '', '0');
INSERT INTO `goods_order` VALUES ('7', '59e855511f63670402', '1', '10.00', '2', '2', null, '30', ' ', '', '0', '1508398417', '', '0');
INSERT INTO `goods_order` VALUES ('8', '59e856ef5256923565', '1', '732.00', '2', '2', null, '30', ' ', '', '0', '1508398831', '微信支付', '0');
INSERT INTO `goods_order` VALUES ('9', '59e858629682d23598', '1', '158.00', '2', '2', null, '0', ' ', '', '0', '1508399202', '微信支付', '0');
INSERT INTO `goods_order` VALUES ('10', '59e96c334d3f652091', '1', '158.00', '2', '2', null, '0', ' ', '', '0', '1508469811', '微信支付', '0');
INSERT INTO `goods_order` VALUES ('11', '59e96c4b73b0b27023', '1', '158.00', '2', '2', null, '47', ' ', '', '0', '1508469835', '微信支付', '0');
INSERT INTO `goods_order` VALUES ('12', '59eda6bb305e468271', '39', '901.00', '2', '2', null, '50', '2017-10-11 00:01', '', '0', '1508746939', '微信支付', '0');
INSERT INTO `goods_order` VALUES ('13', '59ee96af72db682301', '1', '812.00', '2', '2', null, '47', '2017-10-03 00:58', '哈哈，任性', '0', '1508808367', '货到付款', '0');

-- ----------------------------
-- Table structure for goods_prototype
-- ----------------------------
DROP TABLE IF EXISTS `goods_prototype`;
CREATE TABLE `goods_prototype` (
  `id` int(10) NOT NULL AUTO_INCREMENT,
  `cid` int(20) NOT NULL,
  `type` int(20) NOT NULL,
  `name` varchar(50) COLLATE utf8_unicode_ci NOT NULL,
  `value` varchar(2048) COLLATE utf8_unicode_ci NOT NULL,
  PRIMARY KEY (`id`)
) ENGINE=MyISAM AUTO_INCREMENT=57 DEFAULT CHARSET=utf8 COLLATE=utf8_unicode_ci;

-- ----------------------------
-- Records of goods_prototype
-- ----------------------------
INSERT INTO `goods_prototype` VALUES ('5', '2', '1', '适合人群', '');
INSERT INTO `goods_prototype` VALUES ('4', '2', '1', '蛋糕类别', '');
INSERT INTO `goods_prototype` VALUES ('6', '2', '1', '保存条件', '');
INSERT INTO `goods_prototype` VALUES ('7', '2', '1', '特色原料', '');
INSERT INTO `goods_prototype` VALUES ('8', '3', '1', '蛋糕类别', '');
INSERT INTO `goods_prototype` VALUES ('9', '3', '1', '适合人群', '');
INSERT INTO `goods_prototype` VALUES ('10', '3', '1', '保存条件', '');
INSERT INTO `goods_prototype` VALUES ('11', '3', '1', '特色原料', '');
INSERT INTO `goods_prototype` VALUES ('12', '4', '1', '蛋糕类别', '');
INSERT INTO `goods_prototype` VALUES ('13', '4', '1', '适合人群', '');
INSERT INTO `goods_prototype` VALUES ('14', '4', '1', '保存条件', '');
INSERT INTO `goods_prototype` VALUES ('15', '4', '1', '特色原料', '');
INSERT INTO `goods_prototype` VALUES ('16', '5', '1', '蛋糕类别', '');
INSERT INTO `goods_prototype` VALUES ('17', '5', '1', '适合人群', '');
INSERT INTO `goods_prototype` VALUES ('18', '5', '1', '保存条件', '');
INSERT INTO `goods_prototype` VALUES ('19', '5', '1', '特色原料', '');
INSERT INTO `goods_prototype` VALUES ('20', '6', '1', '蛋糕类别', '');
INSERT INTO `goods_prototype` VALUES ('21', '6', '1', '适合人群', '');
INSERT INTO `goods_prototype` VALUES ('22', '6', '1', '保存条件', '');
INSERT INTO `goods_prototype` VALUES ('23', '6', '1', '特色原料', '');
INSERT INTO `goods_prototype` VALUES ('24', '7', '1', '蛋糕类别', '');
INSERT INTO `goods_prototype` VALUES ('25', '7', '1', '适合人群', '');
INSERT INTO `goods_prototype` VALUES ('26', '7', '1', '保存条件', '');
INSERT INTO `goods_prototype` VALUES ('27', '7', '1', '特色原料', '');
INSERT INTO `goods_prototype` VALUES ('28', '1', '1', '蛋糕类别', '');
INSERT INTO `goods_prototype` VALUES ('29', '1', '1', '适合人群', '');
INSERT INTO `goods_prototype` VALUES ('30', '1', '1', '保存条件', '');
INSERT INTO `goods_prototype` VALUES ('31', '1', '1', '特色原料', '');
INSERT INTO `goods_prototype` VALUES ('32', '11', '1', '蛋糕类别', '');
INSERT INTO `goods_prototype` VALUES ('33', '11', '1', '适合人群', '');
INSERT INTO `goods_prototype` VALUES ('34', '11', '1', '保存条件', '');
INSERT INTO `goods_prototype` VALUES ('35', '11', '1', '特色原料', '');
INSERT INTO `goods_prototype` VALUES ('36', '12', '1', '产品名称', '');
INSERT INTO `goods_prototype` VALUES ('37', '12', '1', '产品类型', '');
INSERT INTO `goods_prototype` VALUES ('38', '12', '1', '面值', '');
INSERT INTO `goods_prototype` VALUES ('39', '12', '1', '有效期至', '');
INSERT INTO `goods_prototype` VALUES ('40', '12', '1', '适用城市', '');
INSERT INTO `goods_prototype` VALUES ('41', '12', '1', '适用产品', '');
INSERT INTO `goods_prototype` VALUES ('42', '0', '1', '产品类别：饼干', '');
INSERT INTO `goods_prototype` VALUES ('43', '13', '1', '产品类别', '');
INSERT INTO `goods_prototype` VALUES ('44', '13', '1', '保存条件', '');
INSERT INTO `goods_prototype` VALUES ('45', '13', '1', '保质期', '');
INSERT INTO `goods_prototype` VALUES ('46', '13', '1', '克重', '');
INSERT INTO `goods_prototype` VALUES ('47', '13', '1', '特色原料', '');
INSERT INTO `goods_prototype` VALUES ('48', '15', '1', '品牌', '');
INSERT INTO `goods_prototype` VALUES ('49', '15', '1', '产品名称', '');
INSERT INTO `goods_prototype` VALUES ('50', '15', '1', '产品类型', '');
INSERT INTO `goods_prototype` VALUES ('51', '15', '1', '面值', '');
INSERT INTO `goods_prototype` VALUES ('52', '15', '1', '有效期至', '');
INSERT INTO `goods_prototype` VALUES ('53', '15', '1', '适用城市', '');
INSERT INTO `goods_prototype` VALUES ('54', '15', '1', '适合人群', '');
INSERT INTO `goods_prototype` VALUES ('55', '15', '1', '产品规格', '');
INSERT INTO `goods_prototype` VALUES ('56', '15', '1', '储存方法', '');

-- ----------------------------
-- Table structure for goods_shopcar
-- ----------------------------
DROP TABLE IF EXISTS `goods_shopcar`;
CREATE TABLE `goods_shopcar` (
  `id` int(10) NOT NULL AUTO_INCREMENT,
  `uid` int(10) NOT NULL COMMENT '用户id',
  `goodid` int(10) NOT NULL COMMENT '商品id',
  `goodname` varchar(100) COLLATE utf8_unicode_ci NOT NULL COMMENT '商品名称',
  `price` decimal(10,2) NOT NULL COMMENT '商品价格',
  `num` int(11) NOT NULL COMMENT '数量',
  `time` varchar(50) COLLATE utf8_unicode_ci NOT NULL COMMENT '时间',
  `status` varchar(50) COLLATE utf8_unicode_ci NOT NULL DEFAULT '1' COMMENT '状态',
  `orderid` varchar(100) COLLATE utf8_unicode_ci NOT NULL COMMENT '订单id',
  `img` varchar(255) COLLATE utf8_unicode_ci NOT NULL COMMENT '图片',
  `pcs` varchar(20) COLLATE utf8_unicode_ci NOT NULL COMMENT '规格',
  `good_wish` varchar(50) COLLATE utf8_unicode_ci NOT NULL,
  `wish_person` char(10) COLLATE utf8_unicode_ci NOT NULL,
  PRIMARY KEY (`id`)
) ENGINE=MyISAM AUTO_INCREMENT=79 DEFAULT CHARSET=utf8 COLLATE=utf8_unicode_ci;

-- ----------------------------
-- Records of goods_shopcar
-- ----------------------------
INSERT INTO `goods_shopcar` VALUES ('66', '1', '2', '俏皮萌宝蛋糕 Cute Bears', '208.00', '1', '1508470164', '2', '59e96d94b287d80408', '<img src=\"/wmdCake/home/upload/20171017/1508223664120273.jpg\" class=\"\">', 'Φ20cm', '', '');
INSERT INTO `goods_shopcar` VALUES ('65', '1', '34', '老婆饼1枚电子兑换券（口味随机）', '16.00', '2', '1508470164', '2', '59e96d94b287d80408', '<img src=\"/wmdCake/home/upload/20171017/1508241832698793.jpg\">', '积分', '', '');
INSERT INTO `goods_shopcar` VALUES ('62', '1', '1', '经典100%蛋糕 Classical Natural Cream', '198.00', '2', '1508470164', '2', '59e96d94b287d80408', '<img src=\"/wmdCake/home/upload/20171017/1508222874181206.jpg\">', 'Φ20cm', '', '');
INSERT INTO `goods_shopcar` VALUES ('63', '1', '27', '100元提货卡', '97.00', '2', '1508470164', '2', '59e96d94b287d80408', '<img src=\"/wmdCake/home/upload/20171017/1508230560120514.jpg\">', '', '', '');
INSERT INTO `goods_shopcar` VALUES ('64', '1', '29', '阿拉棒饼干', '12.00', '1', '1508470164', '2', '59e96d94b287d80408', '<img src=\"/wmdCake/home/upload/20171017/1508230778134336.jpg\">', '', '', '');
INSERT INTO `goods_shopcar` VALUES ('67', '1', '1', '经典100%蛋糕 Classical Natural Cream', '198.00', '3', '1508808367', '2', '59ee96af72db682301', '<img src=\"/wmdCake/home/upload/20171017/1508222874181206.jpg\">', 'Φ20cm', '生日快乐', '妈妈');
INSERT INTO `goods_shopcar` VALUES ('69', '1', '3', '缤纷盛果蛋糕 Profusion Fruit', '208.00', '1', '1508808367', '2', '59ee96af72db682301', '<img src=\"/wmdCake/home/upload/20171017/1508223849100216.jpg\">', 'Φ20cm', 'Happy new year', '爱人');
INSERT INTO `goods_shopcar` VALUES ('70', '1', '50', '音乐蜡烛', '10.00', '1', '1508808367', '2', '59ee96af72db682301', '<img src=\"/wmdCake/home/upload/20171019/1508384242136755.jpg\">', '', '圣诞快乐', '妈妈');
INSERT INTO `goods_shopcar` VALUES ('71', '39', '1', '经典100%蛋糕 Classical Natural Cream', '198.00', '4', '1508746939', '2', '59eda6bb305e468271', '<img src=\"/wmdCake/home/upload/20171017/1508222874181206.jpg\">', 'Φ20cm', '', '');
INSERT INTO `goods_shopcar` VALUES ('72', '39', '27', '100元提货卡', '97.00', '1', '1508746939', '2', '59eda6bb305e468271', '<img src=\"/wmdCake/home/upload/20171017/1508230560120514.jpg\">', '', '', '');
INSERT INTO `goods_shopcar` VALUES ('73', '39', '29', '阿拉棒饼干', '12.00', '1', '1508746939', '2', '59eda6bb305e468271', '<img src=\"/wmdCake/home/upload/20171017/1508230778134336.jpg\">', '', '', '');
INSERT INTO `goods_shopcar` VALUES ('76', '39', '1', '经典100%蛋糕 Classical Natural Cream', '198.00', '1', '1508747415', '1', '', '<img src=\"/wmdCake/home/upload/20171017/1508222874181206.jpg\">', 'Φ20cm', '', '');
INSERT INTO `goods_shopcar` VALUES ('77', '39', '27', '100元提货卡', '97.00', '1', '1508747419', '1', '', '<img src=\"/wmdCake/home/upload/20171017/1508230560120514.jpg\">', '', '', '');
INSERT INTO `goods_shopcar` VALUES ('78', '39', '20', '经典黑森林蛋糕 Black Forest', '208.00', '1', '1508747423', '1', '', '<img src=\"/wmdCake/home/upload/20171017/1508227828518748.jpg\">', 'Φ20cm', '', '');

-- ----------------------------
-- Table structure for role
-- ----------------------------
DROP TABLE IF EXISTS `role`;
CREATE TABLE `role` (
  `roleId` int(10) NOT NULL AUTO_INCREMENT,
  `roleName` varchar(50) COLLATE utf8_unicode_ci NOT NULL COMMENT '角色名',
  PRIMARY KEY (`roleId`)
) ENGINE=MyISAM AUTO_INCREMENT=1001 DEFAULT CHARSET=utf8 COLLATE=utf8_unicode_ci;

-- ----------------------------
-- Records of role
-- ----------------------------
INSERT INTO `role` VALUES ('1', '普通用户');
INSERT INTO `role` VALUES ('2', '管理员组');
INSERT INTO `role` VALUES ('3', '超级管理员组');

-- ----------------------------
-- Table structure for user
-- ----------------------------
DROP TABLE IF EXISTS `user`;
CREATE TABLE `user` (
  `id` int(10) NOT NULL AUTO_INCREMENT COMMENT '用户id',
  `roleId` int(10) NOT NULL,
  `userName` varchar(30) COLLATE utf8mb4_unicode_ci NOT NULL COMMENT '用户名字',
  `name` varchar(30) COLLATE utf8mb4_unicode_ci NOT NULL,
  `userId` varchar(30) COLLATE utf8mb4_unicode_ci NOT NULL COMMENT '用户账号',
  `pwd` varchar(30) COLLATE utf8mb4_unicode_ci NOT NULL COMMENT '用户密码',
  `sex` varchar(5) COLLATE utf8mb4_unicode_ci NOT NULL COMMENT '用户性别',
  `userBirth` date NOT NULL COMMENT '用户生日日期',
  `userFamily` varchar(30) COLLATE utf8mb4_unicode_ci NOT NULL,
  `FamilyBirth` date NOT NULL,
  `phoneNum` varchar(20) COLLATE utf8mb4_unicode_ci NOT NULL COMMENT '用户手机号',
  `QQ` varchar(11) COLLATE utf8mb4_unicode_ci NOT NULL COMMENT '用户QQ号',
  `location` varchar(50) COLLATE utf8mb4_unicode_ci NOT NULL COMMENT '用户所在地',
  `email` varchar(200) COLLATE utf8mb4_unicode_ci NOT NULL COMMENT '用户邮箱',
  `time` varchar(50) COLLATE utf8mb4_unicode_ci NOT NULL,
  PRIMARY KEY (`id`)
) ENGINE=MyISAM AUTO_INCREMENT=41 DEFAULT CHARSET=utf8mb4 COLLATE=utf8mb4_unicode_ci;

-- ----------------------------
-- Records of user
-- ----------------------------
INSERT INTO `user` VALUES ('33', '3', '', '', '419', '419', '', '0000-00-00', '', '0000-00-00', '', '0', '', '', '');
INSERT INTO `user` VALUES ('31', '3', '', '', '418', '418', '', '0000-00-00', '', '0000-00-00', '', '0', '', '', '');
INSERT INTO `user` VALUES ('35', '3', '', '', '408', '408', '', '0000-00-00', '', '0000-00-00', '13695647852', '0', '', '', '1507779904');
INSERT INTO `user` VALUES ('18', '1', '', '', '0', '123', '', '0000-00-00', '', '0000-00-00', '13631788914', '0', '', '', '1507534128');
INSERT INTO `user` VALUES ('17', '1', '谭广飞', '谭广飞', '123', '123', '男', '2015-11-28', '兄弟', '1963-06-06', '13631784545', '136456616', '北京', '136456616@qq.com', '1507516486');
INSERT INTO `user` VALUES ('1', '1', 'boss', '', '123456', '123456', '1', '0000-00-00', '', '2017-10-09', '0', '0', '', '1540875739@qq.com', '0000-00-00');
INSERT INTO `user` VALUES ('36', '2', '庄潮鸿', '庄潮鸿', '417', '123456', '女', '1973-06-16', '爸爸', '1970-02-13', '13631784988', '159478863', '北京', '159478863@qq.com', '');
INSERT INTO `user` VALUES ('37', '1', '', '', '0', '12345', '', '0000-00-00', '', '0000-00-00', '13631784922', '0', '', '', '1508744631');
INSERT INTO `user` VALUES ('38', '1', '', '', '0', '123456', '', '0000-00-00', '', '0000-00-00', '13631785894', '0', '', '', '1508744852');
INSERT INTO `user` VALUES ('39', '1', '', '', '', '123456', '', '0000-00-00', '', '0000-00-00', '13631784911', '', '', '', '1508745641');
INSERT INTO `user` VALUES ('40', '1', '', '', '', '123', '', '0000-00-00', '', '0000-00-00', '13631784977', '', '', '', '1508816440');
